{
  "pools": [
    {
      "rolls": 1,
      "entries": [
        {
          "type": "minecraft:item",
          "name": "minecraft:red_dye",
          "functions": [
            {
              "function": "minecraft:set_nbt",
              "tag": "{display_booster:1b,display:{Name:'[{\"text\":\"Health\",\"color\":\"red\",\"italic\":false},{\"text\":\" Boosters\",\"color\":\"gray\"}]'},needs_initialization:1b}"
            },
            {
              "function":"minecraft:set_lore",
              "entity":"this",
              "lore":[{"text":"Increases your max health.","italic":false,"color":"gray"},{"text":"Level","italic":false,"color":"red","extra":[{"text":": ","color":"gray","extra":[{"score":{"objective":"boost_health","name":"@s"},"color":"gold","bold":true,"extra":[{"text":"/","color":"gray","bold":true,"extra":[{"text":"5","color":"gold","bold":true}]}]}]}]},{"text":"✰ ","color":"#9c7948","italic":false,"extra":[{"text":"Prestige","italic":false,"color":"#c0a379","extra":[{"text":": ","color":"gray","extra":[{"score":{"objective":"prestige_health","name":"@s"},"color":"gold","bold":true}]}]}]}]
            }
          ]
        }
      ]
    }
  ]
}