{
    "display": {
        "icon": {
            "item": "minecraft:name_tag"
        },
        "title": {
            "text": "Documented!",
            "color": "red",
            "bold": true
        },
        "frame": "task",
        "show_toast": true,
        "announce_to_chat": false,
        "hidden":true,
        "description": {
            "text": "Collect all the journal pages.",
            "color": "#fac84b",
            "bold": false
        }
    },
    "parent": "advancements:hidden/hidden-parkour",
    "criteria": {
        "impossible": {
            "trigger": "minecraft:impossible"
        }
    }
}