{
    "display": {
        "icon": {
            "item": "minecraft:elytra"
        },
        "title": {
            "text": "Parkour Master",
            "color": "red",
            "bold": true
        },
        "frame": "task",
        "show_toast": true,
        "announce_to_chat": false,
        "hidden":true,
        "description": {
            "text": "Finish the parkour in under thirty-five seconds.",
            "color": "#fac84b",
            "bold": false
        }
    },
    "parent": "advancements:hidden/root",
    "criteria": {
        "impossible": {
            "trigger": "minecraft:impossible"
        }
    }
}