{ "type":"minecraft:generic", "pools" : 
    [ { "rolls":1, "entries":
        [ { "type": "minecraft:item", "functions":
            [ {"function":"minecraft:set_nbt","entity":"this","tag":"{HideFlags:255,ChargedProjectiles:[{id:\"minecraft:tipped_arrow\",Count:1b,tag:{CustomPotionColor:9605227,CustomPotionEffects:[{Id:26,Duration:2,Amplifier:100},{Id:29,Duration:2,Amplifier:0},{Id:13,Duration:2,Amplifier:5}]}}],Charged:1b,Unbreakable:1b,delay:15,reload_delay:75,quiver:23}"},
              {"function": "minecraft:set_name", "entity": "this", "name": [{"text":"(","italic":false,"color":"#a57f81","bold":true},{"text":"2","color":"#cffffd","bold":false},{"text":") ","color":"#a57f81","bold":true},{"text":"Conduction","color":"#92906b","bold":true,"italic":false},{"text":" Crossbow","color":"#6a430f","italic":false,"bold":false}] },
              {"function": "minecraft:set_lore", "entity":"this","lore":[{"text":"DPS","color":"dark_green","italic":false,"bold":false,"extra":[{"text":": ","color":"gray","bold":false},{"score":{"name":"$damage","objective":"calculate"},"color":"white","bold":true}]},{"text":"Becomes more powerful with each hit; resets when you miss.","color":"gray","italic":false}]}], 
              "name": "minecraft:crossbow" } ] } ] }
