{ "type":"minecraft:generic", "pools" : 
    [ { "rolls":1, "entries":
        [ { "type": "minecraft:item", "functions":
            [ {"function":"minecraft:set_nbt","entity":"this","tag":"{Enchantments:[{id:\"minecraft:piercing\",lvl:10}],HideFlags:255,ChargedProjectiles:[{id:\"minecraft:tipped_arrow\",Count:1b,tag:{CustomPotionColor:8112063,CustomPotionEffects:[{Id:26,Duration:2,Amplifier:40},{Id:29,Duration:2,Amplifier:0}]}}],Charged:1b,Unbreakable:1b,delay:5,reload_delay:50,quiver:28}"},
              {"function": "minecraft:set_name", "entity": "this", "name": [{"text":"(","italic":false,"color":"#aea28c","bold":true},{"text":"3","color":"#ac353b","bold":false},{"text":") ","color":"#aea28c","bold":true},{"text":"Hurricane","color":"#7bc7bf","bold":true,"italic":false},{"text":" Crossbow","color":"#6a430f","italic":false,"bold":false}] },
              {"function": "minecraft:set_lore", "entity":"this","lore":[{"text":"DPS","color":"dark_green","italic":false,"bold":false,"extra":[{"text":": ","color":"gray","bold":false},{"score":{"name":"$damage","objective":"calculate"},"color":"white","bold":true}]},{"text":"Piercing X","color":"gray","italic":false}]}], 
              "name": "minecraft:crossbow" } ] } ] }
