{ "type":"minecraft:generic", "pools" : 
    [ { "rolls":1, "entries":
        [ { "type": "minecraft:item", "functions":
            [ {"function":"minecraft:set_nbt","entity":"this","tag":"{HideFlags:255,ChargedProjectiles:[{id:\"minecraft:tipped_arrow\",Count:1b,tag:{CustomPotionColor:12450815,CustomPotionEffects:[{Id:26,Duration:2,Amplifier:92},{Id:2,Duration:100,Amplifier:1}]}}],Charged:1b,Unbreakable:1b,delay:12,reload_delay:35,quiver:27}"},
              {"function": "minecraft:set_name", "entity": "this", "name": [{"text":"(","italic":false,"color":"#a57f81","bold":true},{"text":"2","color":"#cffffd","bold":false},{"text":") ","color":"#a57f81","bold":true},{"text":"Snow","color":"#bdfbff","bold":true,"italic":false},{"text":" Crossbow","color":"#6a430f","italic":false,"bold":false}] },
              {"function": "minecraft:set_lore", "entity":"this","lore":[{"text":"DPS","color":"dark_green","italic":false,"bold":false,"extra":[{"text":": ","color":"gray","bold":false},{"score":{"name":"$damage","objective":"calculate"},"color":"white","bold":true}]},{"text":"Inflicts slowness on enemies.","color":"gray","italic":false}]}], 
              "name": "minecraft:crossbow" } ] } ] }
