{
    "display": {
      "icon": {
        "item": "minecraft:player_head",
      "nbt":"{SkullOwner:{Id:[I;310613047,1800423280,-1867862843,-675781615],Properties:{textures:[{Value:\"eyJ0ZXh0dXJlcyI6eyJTS0lOIjp7InVybCI6Imh0dHA6Ly90ZXh0dXJlcy5taW5lY3JhZnQubmV0L3RleHR1cmUvN2M4ZGNiZGVlOTgzZDI1NGY5NDQzNjcwZTJmN2JmNDY3OWNkMDk5MjMyYmZlNmVmNjkzYzRlMjRjY2I5YjY2ZCJ9fX0=\"}]}}}"
    },
      "title": [{"text":"Journal","color":"white","bold":true},{"text":": ","color":"gray","bold":false},{"text":"Bandit","bold":false,"color":"#61369c"}],
      "description": [{"text":"Journal entry for the Bandit. You can learn more in the ender chest.","color":"gray"}],
      "show_toast": true,
      "announce_to_chat": false,
      "hidden": true
    },
    "parent": "journal:bomber",
    "criteria": {
      "requirement": {
        "trigger": "minecraft:impossible"
      }
    }
}
