{
  "display": {
    "icon": {
      "item": "minecraft:player_head",
      "nbt":"{SkullOwner:{Id:[I;1653544400,-476295207,-1672573887,-722121943],Properties:{textures:[{Value:\"eyJ0ZXh0dXJlcyI6eyJTS0lOIjp7InVybCI6Imh0dHA6Ly90ZXh0dXJlcy5taW5lY3JhZnQubmV0L3RleHR1cmUvYTBiZjM0YTcxZTc3MTViNmJhNTJkNWRkMWJhZTVjYjg1Zjc3M2RjOWIwZDQ1N2I0YmZjNWY5ZGQzY2M3Yzk0In19fQ==\"}]}}}"
    },
    "title": [{"text":"Journal","color":"white","bold":true},{"text":": ","color":"gray","bold":false},{"text":"Boom Guardian","bold":true,"color":"dark_green"}],
    "description": [{"text":"Journal entry for the Boom Guardian. You can learn more in the ender chest.","color":"gray"}],
    "show_toast": true,
    "announce_to_chat": false,
    "hidden": true
  },
  "parent": "journal:viscean",
  "criteria": {
    "requirement": {
      "trigger": "minecraft:impossible"
    }
  }
}
