{
    "display": {
      "icon": {
        "item": "minecraft:player_head",
        "nbt":"{SkullOwner:{Id:[I;-1395377213,-1410576596,-1117976253,1036890651],Properties:{textures:[{Value:\"eyJ0ZXh0dXJlcyI6eyJTS0lOIjp7InVybCI6Imh0dHA6Ly90ZXh0dXJlcy5taW5lY3JhZnQubmV0L3RleHR1cmUvYzg2NzllMDM0NzY3ZDUxODY2MGQ5NDE2ZGM1ZWFmMzE5ZDY5NzY4MmFjNDBjODg2ZTNjMmJjOGRmYTFkZTFkIn19fQ==\"}]}}}"
      },
      "title": [{"text":"Journal","color":"white","bold":true},{"text":": ","color":"gray","bold":false},{"text":"Brute","bold":false,"color":"dark_green"}],
      "description": [{"text":"Journal entry for the Brute. You can learn more in the ender chest.","color":"gray"}],
      "show_toast": true,
      "announce_to_chat": false,
      "hidden": true
    },
    "parent": "journal:knight",
    "criteria": {
      "requirement": {
        "trigger": "minecraft:impossible"
      }
    }
}