{
    "display": {
      "icon": {
        "item": "minecraft:player_head",
      "nbt":"{SkullOwner:{Id:[I;674692323,460475624,-1981364369,-1717546587],Properties:{textures:[{Value:\"eyJ0ZXh0dXJlcyI6eyJTS0lOIjp7InVybCI6Imh0dHA6Ly90ZXh0dXJlcy5taW5lY3JhZnQubmV0L3RleHR1cmUvYzJiMjgxM2YzZGM5MzNhMGY3ZTNhYjg4NDgyYWRkZWM5ODk4ZWI1MmE4OTM1ODY2ZDUyYzU2OTRjNTZmZmFmOSJ9fX0=\"}]}}}"
    },
      "title": [{"text":"Journal","color":"white","bold":true},{"text":": ","color":"gray","bold":false},{"text":"Candlehead","bold":false,"color":"#61369c"}],
      "description": [{"text":"Journal entry for the Candlehead. You can learn more in the ender chest.","color":"gray"}],
      "show_toast": true,
      "announce_to_chat": false,
      "hidden": true
    },
    "parent": "journal:spawner",
    "criteria": {
      "requirement": {
        "trigger": "minecraft:impossible"
      }
    }
}
