{
    "display": {
      "icon": {
        "item": "minecraft:player_head",
        "nbt":"{SkullOwner:{Id:[I;1599855440,1082867889,-1786092617,1408092924],Properties:{textures:[{Value:\"eyJ0ZXh0dXJlcyI6eyJTS0lOIjp7InVybCI6Imh0dHA6Ly90ZXh0dXJlcy5taW5lY3JhZnQubmV0L3RleHR1cmUvNDYzOWQzMjVmNDQ5NDI1OGE0NzNhOTNhM2I0N2YzNGEwYzUxYjNmY2VhZjU5ZmVlODcyMDVhNWU3ZmYzMWY2OCJ9fX0=\"}]}}}"
      },
      "title": [{"text":"Journal","color":"white","bold":true},{"text":": ","color":"gray","bold":false},{"text":"Dangerous Duo","bold":true,"color":"red"}],
      "description": [{"text":"Journal entry for the Dangerous Duo. You can learn more in the ender chest.","color":"gray"}],
      "show_toast": true,
      "announce_to_chat": false,
      "hidden": true
    },
    "parent": "journal:witch_shopkeeper",
    "criteria": {
      "requirement": {
        "trigger": "minecraft:impossible"
      }
    }
}
