{
    "display": {
      "icon": {
        "item": "minecraft:player_head",
        "nbt":"{SkullOwner:{Id:[I;-161098630,-1416543010,-2022906950,900703265],Properties:{textures:[{Value:\"eyJ0ZXh0dXJlcyI6eyJTS0lOIjp7InVybCI6Imh0dHA6Ly90ZXh0dXJlcy5taW5lY3JhZnQubmV0L3RleHR1cmUvZjQ0NmQxZTY4YThiMTI5ZDYzZDNjM2IzNjZlYmQ1Y2ZkMWJmMGY3M2U2ZWQzZmU1YmI0NjkxMjJlZTViNWFhMyJ9fX0=\"}]}}}"
      },
      "title": [{"text":"Journal","color":"white","bold":true},{"text":": ","color":"gray","bold":false},{"text":"Ender King","bold":true,"color":"red"}],
      "description": [{"text":"Journal entry for the Ender King. You can learn more in the ender chest.","color":"gray"}],
      "show_toast": true,
      "announce_to_chat": false,
      "hidden": true
    },
    "parent": "journal:gravedigger",
    "criteria": {
      "requirement": {
        "trigger": "minecraft:impossible"
      }
    }
}

