{
    "display": {
      "icon": {
        "item": "minecraft:player_head",
        "nbt":"{SkullOwner:{Id:[I;-17612447,-1953806226,-1654419791,-89666527],Properties:{textures:[{Value:\"eyJ0ZXh0dXJlcyI6eyJTS0lOIjp7InVybCI6Imh0dHA6Ly90ZXh0dXJlcy5taW5lY3JhZnQubmV0L3RleHR1cmUvZDk1NDEzNWRjODIyMTM5NzhkYjQ3ODc3OGFlMTIxMzU5MWI5M2QyMjhkMzZkZDU0ZjFlYTFkYTQ4ZTdjYmE2In19fQ==\"}]}}}"
      },
      "title": [{"text":"Journal","color":"white","bold":true},{"text":": ","color":"gray","bold":false},{"text":"Evoker","bold":false,"color":"#61369c"}],
      "description": [{"text":"Journal entry for the Evoker. You can learn more in the ender chest.","color":"gray"}],
      "show_toast": true,
      "announce_to_chat": false,
      "hidden": true
    },
    "parent": "journal:phantom",
    "criteria": {
      "requirement": {
        "trigger": "minecraft:impossible"
      }
    }
}


