{
    "display": {
      "icon": {
        "item": "minecraft:player_head",
        "nbt":"{SkullOwner:{Id:[I;1898654647,-370520581,-1994569282,-710270136],Properties:{textures:[{Value:\"eyJ0ZXh0dXJlcyI6eyJTS0lOIjp7InVybCI6Imh0dHA6Ly90ZXh0dXJlcy5taW5lY3JhZnQubmV0L3RleHR1cmUvZTE0YzI5OTA4YTYyNWUxNWZhZDE4NThlODVlMTRhNDBhY2Y5Zjc5Yjc1NjNkZWVjNDQxMmM0ZmFmMWFhNTZlMyJ9fX0=\"}]}}}"
      },
      "title": [{"text":"Journal","color":"white","bold":true},{"text":": ","color":"gray","bold":false},{"text":"Fallen Arbalist","color":"#61369c","bold":false}],
      "description": [{"text":"Journal entry for the Fallen Arbalist. You can learn more in the ender chest.","color":"gray"}],
      "show_toast": true,
      "announce_to_chat": false,
      "hidden": true
    },
    "parent": "journal:keeper",
    "criteria": {
      "requirement": {
        "trigger": "minecraft:impossible"
      }
    }
}
