{
    "display": {
      "icon": {
        "item": "minecraft:player_head",
        "nbt":"{SkullOwner:{Id:[I;2095810738,2136949657,-1413910424,622570141],Properties:{textures:[{Value:\"eyJ0ZXh0dXJlcyI6eyJTS0lOIjp7InVybCI6Imh0dHA6Ly90ZXh0dXJlcy5taW5lY3JhZnQubmV0L3RleHR1cmUvYjc4ZWYyZTRjZjJjNDFhMmQxNGJmZGU5Y2FmZjEwMjE5ZjViMWJmNWIzNWE0OWViNTFjNjQ2Nzg4MmNiNWYwIn19fQ==\"}]}}}"
      },
      "title": [{"text":"Journal","color":"white","bold":true},{"text":": ","color":"gray","bold":false},{"text":"Fiery Fiend","bold":true,"color":"red"}],
      "description": [{"text":"Journal entry for the Fiery Fiend. You can learn more in the ender chest.","color":"gray"}],
      "show_toast": true,
      "announce_to_chat": false,
      "hidden": true
    },
    "parent": "journal:spider_queen",
    "criteria": {
      "requirement": {
        "trigger": "minecraft:impossible"
      }
    }
}

