{
    "display": {
      "icon": {
        "item": "minecraft:player_head",
        "nbt":"{SkullOwner:{Id:[I;-502879191,-1368832165,-1868891310,1032405814],Properties:{textures:[{Value:\"eyJ0ZXh0dXJlcyI6eyJTS0lOIjp7InVybCI6Imh0dHA6Ly90ZXh0dXJlcy5taW5lY3JhZnQubmV0L3RleHR1cmUvZDBiYzYxYjk3NTdhN2I4M2UwM2NkMjUwN2EyMTU3OTEzYzJjZjAxNmU3YzA5NmE0ZDZjZjFmZTFiOGRiIn19fQ==\"}]}}}"
      },
      "title": [{"text":"Journal","color":"white","bold":true},{"text":": ","color":"gray","bold":false},{"text":"Furious Fungus","bold":true,"color":"red"}],
      "description": [{"text":"Journal entry for the Furious Fungus. You can learn more in the ender chest.","color":"gray"}],
      "show_toast": true,
      "announce_to_chat": false,
      "hidden": true
    },
    "parent": "journal:fiery_fiend",
    "criteria": {
      "requirement": {
        "trigger": "minecraft:impossible"
      }
    }
}
