{
    "display": {
      "icon": {
        "item": "minecraft:player_head",
      "nbt":"{SkullOwner:{Id:[I;519484932,-304003122,-1420214208,-914021787],Properties:{textures:[{Value:\"eyJ0ZXh0dXJlcyI6eyJTS0lOIjp7InVybCI6Imh0dHA6Ly90ZXh0dXJlcy5taW5lY3JhZnQubmV0L3RleHR1cmUvMzI1NTVjYTkwMWFiNjMwMWU3Y2U5Nzg5YjU3ZWJhYjU5MzQ5YzFhY2Q3OTczZjRlYmJkMGMzOGUxMGFkYTFmMSJ9fX0=\"}]}}}"
    },
      "title": [{"text":"Journal","color":"white","bold":true},{"text":": ","color":"gray","bold":false},{"text":"Banshee","bold":false,"color":"#61369c"}],
      "description": [{"text":"Journal entry for the Banshee. You can learn more in the ender chest.","color":"gray"}],
      "show_toast": true,
      "announce_to_chat": false,
      "hidden": true
    },
    "parent": "journal:withered_brute",
    "criteria": {
      "requirement": {
        "trigger": "minecraft:impossible"
      }
    }
}
