{
    "display": {
      "icon": {
        "item": "minecraft:player_head",
        "nbt":"{SkullOwner:{Id:[I;-1658589583,1304186766,-1884984729,-913464899],Properties:{textures:[{Value:\"eyJ0ZXh0dXJlcyI6eyJTS0lOIjp7InVybCI6Imh0dHA6Ly90ZXh0dXJlcy5taW5lY3JhZnQubmV0L3RleHR1cmUvMWNjMzcwMjdlNTZmYWJkZDA0YmQzNTc0ZmUwZjQxM2JjMTY1Y2RmOWY4ZGY5NmFiZjdmYzA1M2E3ZDJlOTZjYiJ9fX0=\"}]}}}"
      },
      "title": [{"text":"Journal","color":"white","bold":true},{"text":": ","color":"gray","bold":false},{"text":"Golden Guard","color":"dark_green"}],
      "description": [{"text":"Journal entry for the Golden Guard. You can learn more in the ender chest.","color":"gray"}],
      "show_toast": true,
      "announce_to_chat": false,
      "hidden": true
    },
    "parent": "journal:torthar",
    "criteria": {
      "requirement": {
        "trigger": "minecraft:impossible"
      }
    }
}
