{
    "display": {
      "icon": {
        "item": "minecraft:player_head",
        "nbt":"{SkullOwner:{Id:[I;448664699,-361085172,-1904994610,-1880265546],Properties:{textures:[{Value:\"eyJ0ZXh0dXJlcyI6eyJTS0lOIjp7InVybCI6Imh0dHA6Ly90ZXh0dXJlcy5taW5lY3JhZnQubmV0L3RleHR1cmUvZDY3NGM2M2M4ZGI1ZjRjYTYyOGQ2OWEzYjFmOGEzNmUyOWQ4ZmQ3NzVlMWE2YmRiNmNhYmI0YmU0ZGIxMjEifX19\"}]}}}"
      },
      "title": [{"text":"Journal","color":"white","bold":true},{"text":": ","color":"gray","bold":false},{"text":"Gravedigger","bold":true,"color":"red"}],
      "description": [{"text":"Journal entry for the Gravedigger. You can learn more in the ender chest.","color":"gray"}],
      "show_toast": true,
      "announce_to_chat": false,
      "hidden": true
    },
    "parent": "journal:static_splitters",
    "criteria": {
      "requirement": {
        "trigger": "minecraft:impossible"
      }
    }
}

