{
    "display": {
      "icon": {
        "item": "minecraft:player_head",
        "nbt":"{SkullOwner:{Id:[I;1244970690,-575387971,-1499071169,1892321511],Properties:{textures:[{Value:\"eyJ0ZXh0dXJlcyI6eyJTS0lOIjp7InVybCI6Imh0dHA6Ly90ZXh0dXJlcy5taW5lY3JhZnQubmV0L3RleHR1cmUvMmYzMjU0ZjlhMGQ0M2E4MWJlMzgwY2U2MmM4OWE4NDEzNDE3YzU3OGU4OGIwNTAzMjRhZDk0NzEyYzAifX19\"}]}}}"
      },
      "title": [{"text":"Journal","color":"white","bold":true},{"text":": ","color":"gray","bold":false},{"text":"Hooded","bold":false,"color":"dark_green"}],
      "description": [{"text":"Journal entry for the Hooded. You can learn more in the ender chest.","color":"gray"}],
      "show_toast": true,
      "announce_to_chat": false,
      "hidden": true
    },
    "parent": "journal:vex",
    "criteria": {
      "requirement": {
        "trigger": "minecraft:impossible"
      }
    }
}
