{
    "display": {
      "icon": {
        "item": "minecraft:player_head",
        "nbt":"{SkullOwner:{Id:[I;671343028,-1150533631,-1530809491,1205459769],Properties:{textures:[{Value:\"eyJ0ZXh0dXJlcyI6eyJTS0lOIjp7InVybCI6Imh0dHA6Ly90ZXh0dXJlcy5taW5lY3JhZnQubmV0L3RleHR1cmUvNWZlYjAxYjg1YTE1OTJlNDBiMjIwMDI1YzI0ZTg4MGZiNGNkY2U4MjcwODI1MjhlMDk2MWUxNzhlODU4NmM2ZSJ9fX0=\"}]}}}"
      },
      "title": [{"text":"Journal","color":"white","bold":true},{"text":": ","color":"gray","bold":false},{"text":"Keeper","bold":false,"color":"#61369c"}],
      "description": [{"text":"Journal entry for the Keeper. You can learn more in the ender chest.","color":"gray"}],
      "show_toast": true,
      "announce_to_chat": false,
      "hidden": true
    },
    "parent": "journal:mage",
    "criteria": {
      "requirement": {
        "trigger": "minecraft:impossible"
      }
    }
}
