{
    "display": {
      "icon": {
        "item": "minecraft:player_head",
      "nbt":"{SkullOwner:{Id:[I;-2106201984,1604208352,-1745804555,-2118990914],Properties:{textures:[{Value:\"eyJ0ZXh0dXJlcyI6eyJTS0lOIjp7InVybCI6Imh0dHA6Ly90ZXh0dXJlcy5taW5lY3JhZnQubmV0L3RleHR1cmUvZGJhMGQ3OTAzY2E3Mjc4ZTZhOTQ4MmI1YzIyYzBhNjMyYjg3Y2YxNTgyMGQ0NDg5NTYyMWUyNDEwZDUzM2Q4MyJ9fX0=\"}]}}}"
    },
      "title": [{"text":"Journal","color":"white","bold":true},{"text":": ","color":"gray","bold":false},{"text":"Lobber","bold":false,"color":"#61369c"}],
      "description": [{"text":"Journal entry for the Lobber. You can learn more in the ender chest.","color":"gray"}],
      "show_toast": true,
      "announce_to_chat": false,
      "hidden": true
    },
    "parent": "journal:rogue",
    "criteria": {
      "requirement": {
        "trigger": "minecraft:impossible"
      }
    }
}
