{
    "display": {
      "icon": {
        "item": "minecraft:player_head",
        "nbt":"{SkullOwner:{Id:[I;144532366,-985775378,-1383559491,-1736465655],Properties:{textures:[{Value:\"eyJ0ZXh0dXJlcyI6eyJTS0lOIjp7InVybCI6Imh0dHA6Ly90ZXh0dXJlcy5taW5lY3JhZnQubmV0L3RleHR1cmUvODdmZDlkYjBjYThiY2I5NWJmYWI0NmZjM2VlYjYzMTBmNjUyZDRhMjY4ZjQ3ZGIxOWJjYTI3ZjY3NzM5YjM5MiJ9fX0=\"}]}}}"
      },
      "title": [{"text":"Journal","color":"white","bold":true},{"text":": ","color":"gray","bold":false},{"text":"Mage","bold":false,"color":"#61369c"}],
      "description": [{"text":"Journal entry for the Mage. You can learn more in the ender chest.","color":"gray"}],
      "show_toast": true,
      "announce_to_chat": false,
      "hidden": true
    },
    "parent": "journal:vex",
    "criteria": {
      "requirement": {
        "trigger": "minecraft:impossible"
      }
    }
}
