{
    "display": {
      "icon": {
        "item": "minecraft:player_head",
      "nbt":"{SkullOwner:{Id:[I;-1836012072,-1030665638,-1886758577,374605475],Properties:{textures:[{Value:\"eyJ0ZXh0dXJlcyI6eyJTS0lOIjp7InVybCI6Imh0dHA6Ly90ZXh0dXJlcy5taW5lY3JhZnQubmV0L3RleHR1cmUvN2U5NTE1M2VjMjMyODRiMjgzZjAwZDE5ZDI5NzU2ZjI0NDMxM2EwNjFiNzBhYzAzYjk3ZDIzNmVlNTdiZDk4MiJ9fX0=\"}]}}}"
    },
      "title": [{"text":"Journal","color":"white","bold":true},{"text":": ","color":"gray","bold":false},{"text":"Phantom","bold":false,"color":"#61369c"}],
      "description": [{"text":"Journal entry for the Phantom. You can learn more in the ender chest.","color":"gray"}],
      "show_toast": true,
      "announce_to_chat": false,
      "hidden": true
    },
    "parent": "journal:candlehead",
    "criteria": {
      "requirement": {
        "trigger": "minecraft:impossible"
      }
    }
}
