{
    "display": {
      "icon": {
        "item": "minecraft:player_head",
        "nbt":"{SkullOwner:{Id:[I;1348588827,711999720,-2022459919,-1858757912],Properties:{textures:[{Value:\"eyJ0ZXh0dXJlcyI6eyJTS0lOIjp7InVybCI6Imh0dHA6Ly90ZXh0dXJlcy5taW5lY3JhZnQubmV0L3RleHR1cmUvMTQ2MDFlNjY0ZTJhZjA3NmI1NDU1MzViN2E2ODljYzc5YjEwODI2YWE2NTc1M2ZiYzZmNjU0MmJjOTRjZjcxIn19fQ==\"}]}}}"
      },
      "title": [{"text":"Journal","color":"white","bold":true},{"text":": ","color":"gray","bold":false},{"text":"Plague Doctor","bold":false,"color":"#61369c"}],
      "description": [{"text":"Journal entry for the Plague Doctor. You can learn more in the ender chest.","color":"gray"}],
      "show_toast": true,
      "announce_to_chat": false,
      "hidden": true
    },
    "parent": "journal:golden_guard",
    "criteria": {
      "requirement": {
        "trigger": "minecraft:impossible"
      }
    }
}
