{
    "display": {
      "icon": {
        "item": "minecraft:player_head",
        "nbt":"{SkullOwner:{Id:[I;854297185,1852198397,-2024901503,419435689],Properties:{textures:[{Value:\"eyJ0ZXh0dXJlcyI6eyJTS0lOIjp7InVybCI6Imh0dHA6Ly90ZXh0dXJlcy5taW5lY3JhZnQubmV0L3RleHR1cmUvY2Q1ZDYwYTRkNzBlYzEzNmE2NTg1MDdjZTgyZTM0NDNjZGFhMzk1OGQ3ZmNhM2Q5Mzc2NTE3YzdkYjRlNjk1ZCJ9fX0=\"}]}}}"
      },
      "title": [{"text":"Journal","color":"white","bold":true},{"text":": ","color":"gray","bold":false},{"text":"Polar Family","bold":true,"color":"red"}],
      "description": [{"text":"Journal entry for the Polar Family. You can learn more in the ender chest.","color":"gray"}],
      "show_toast": true,
      "announce_to_chat": false,
      "hidden": true
    },
    "parent": "journal:furious_fungus",
    "criteria": {
      "requirement": {
        "trigger": "minecraft:impossible"
      }
    }
}


