{
    "display": {
      "icon": {
        "item": "minecraft:player_head",
        "nbt":"{SkullOwner:{Id:[I;352237603,-1093908583,-1451367127,286134688],Properties:{textures:[{Value:\"eyJ0ZXh0dXJlcyI6eyJTS0lOIjp7InVybCI6Imh0dHA6Ly90ZXh0dXJlcy5taW5lY3JhZnQubmV0L3RleHR1cmUvZTQwMDIyM2YxZmE1NDc0MWQ0MjFkN2U4MDQ2NDA5ZDVmM2UxNWM3ZjQzNjRiMWI3Mzk5NDAyMDhmM2I2ODZkNCJ9fX0=\"}]}}}"
      },
      "title": [{"text":"Journal","color":"white","bold":true},{"text":": ","color":"gray","bold":false},{"text":"Scary Swarm","bold":true,"color":"red"}],
      "description": [{"text":"Journal entry for the Scary Swarm. You can learn more in the ender chest.","color":"gray"}],
      "show_toast": true,
      "announce_to_chat": false,
      "hidden": true
    },
    "parent": "journal:ender_king",
    "criteria": {
      "requirement": {
        "trigger": "minecraft:impossible"
      }
    }
}
