{
    "display": {
      "icon": {
        "item": "minecraft:skeleton_skull"},
      "title": [{"text":"Journal","color":"white","bold":true},{"text":": ","color":"gray","bold":false},{"text":"Skeleton","bold":false,"color":"dark_green"}],
      "description": [{"text":"Journal entry for the Skeleton. You can learn more in the ender chest.","color":"gray"}],
      "show_toast": true,
      "announce_to_chat": false,
      "hidden": true
    },
    "parent": "journal:leaper",
    "criteria": {
      "requirement": {
        "trigger": "minecraft:impossible"
      }
    }
}
