{
    "display": {
      "icon": {
        "item": "minecraft:player_head",
      "nbt":"{SkullOwner:{Id:[I;-199092328,1909082687,-1783338919,-2062730489],Properties:{textures:[{Value:\"eyJ0ZXh0dXJlcyI6eyJTS0lOIjp7InVybCI6Imh0dHA6Ly90ZXh0dXJlcy5taW5lY3JhZnQubmV0L3RleHR1cmUvODg0MjY5ZjY2MTQwOWFjZmExMGI0YmY2NTc1YTBmNDUyYjA5N2VmODlhMjhhYjUwNjEzMDk4OGE1OTk0OWIyNCJ9fX0=\"}]}}}"
    },
      "title": [{"text":"Journal","color":"white","bold":true},{"text":": ","color":"gray","bold":false},{"text":"Skeleton Knight","bold":false,"color":"#61369c"}],
      "description": [{"text":"Journal entry for the Skeleton Knight. You can learn more in the ender chest.","color":"gray"}],
      "show_toast": true,
      "announce_to_chat": false,
      "hidden": true
    },
    "parent": "journal:withered_knight",
    "criteria": {
      "requirement": {
        "trigger": "minecraft:impossible"
      }
    }
}
