{
    "display": {
      "icon": {
        "item": "minecraft:spawner"
    },
      "title": [{"text":"Journal","color":"white","bold":true},{"text":": ","color":"gray","bold":false},{"text":"Spawner","bold":false,"color":"#61369c"}],
      "description": [{"text":"Journal entry for the Spawner. You can learn more in the ender chest.","color":"gray"}],
      "show_toast": true,
      "announce_to_chat": false,
      "hidden": true
    },
    "parent": "journal:lobber",
    "criteria": {
      "requirement": {
        "trigger": "minecraft:impossible"
      }
    }
}
