{
    "display": {
      "icon": {
        "item": "minecraft:player_head",
        "nbt":"{SkullOwner:{Id:[I;924026232,198264679,-1687572293,1513739562],Properties:{textures:[{Value:\"eyJ0ZXh0dXJlcyI6eyJTS0lOIjp7InVybCI6Imh0dHA6Ly90ZXh0dXJlcy5taW5lY3JhZnQubmV0L3RleHR1cmUvYzg3YTk2YThjMjNiODNiMzJhNzNkZjA1MWY2Yjg0YzJlZjI0ZDI1YmE0MTkwZGJlNzRmMTExMzg2MjliNWFlZiJ9fX0=\"}]}}}"
      },
      "title": [{"text":"Journal","color":"white","bold":true},{"text":": ","color":"gray","bold":false},{"text":"Spider Queen","bold":true,"color":"red"}],
      "description": [{"text":"Journal entry for the Spider Queen. You can learn more in the ender chest.","color":"gray"}],
      "show_toast": true,
      "announce_to_chat": false,
      "hidden": true
    },
    "parent": "journal:shopkeeper",
    "criteria": {
      "requirement": {
        "trigger": "minecraft:impossible"
      }
    }
}
