{
    "display": {
      "icon": {
        "item": "minecraft:player_head",
        "nbt":"{SkullOwner:{Id:[I;1208755157,-1292090154,-1307858249,643126204],Properties:{textures:[{Value:\"eyJ0ZXh0dXJlcyI6eyJTS0lOIjp7InVybCI6Imh0dHA6Ly90ZXh0dXJlcy5taW5lY3JhZnQubmV0L3RleHR1cmUvZWNjYzRhMzJkNDVkNzRlOGIxNGVmMWZmZDU1Y2Q1ZjM4MWEwNmQ0OTk5MDgxZDUyZWFlYTEyZTEzMjkzZTIwOSJ9fX0=\"}]}}}"
      },
      "title": [{"text":"Journal","color":"white","bold":true},{"text":": ","color":"gray","bold":false},{"text":"Spider","bold":false,"color":"dark_green"}],
      "description": [{"text":"Journal entry for the Spider. You can learn more in the ender chest.","color":"gray"}],
      "show_toast": true,
      "announce_to_chat": false,
      "hidden": true
    },
    "parent": "journal:zombie",
    "criteria": {
      "requirement": {
        "trigger": "minecraft:impossible"
      }
    }
}