{
    "display": {
      "icon": {
        "item": "minecraft:player_head",
        "nbt":"{SkullOwner:{Id:[I;2131429491,-546682343,-1681000759,251135175],Properties:{textures:[{Value:\"eyJ0ZXh0dXJlcyI6eyJTS0lOIjp7InVybCI6Imh0dHA6Ly90ZXh0dXJlcy5taW5lY3JhZnQubmV0L3RleHR1cmUvODk1YWVlYzZiODQyYWRhODY2OWY4NDZkNjViYzQ5NzYyNTk3ODI0YWI5NDRmMjJmNDViZjNiYmI5NDFhYmU2YyJ9fX0=\"}]}}}"
      },
      "title": [{"text":"Journal","color":"white","bold":true},{"text":": ","color":"gray","bold":false},{"text":"Static Splitters","bold":true,"color":"red"}],
      "description": [{"text":"Journal entry for the Static Splitters. You can learn more in the ender chest.","color":"gray"}],
      "show_toast": true,
      "announce_to_chat": false,
      "hidden": true
    },
    "parent": "journal:royal_archer",
    "criteria": {
      "requirement": {
        "trigger": "minecraft:impossible"
      }
    }
}

