{
    "display": {
      "icon": {
        "item": "minecraft:player_head",
        "nbt":"{SkullOwner:{Id:[I;1603623030,-219263867,-1235579446,-2070807879],Properties:{textures:[{Value:\"eyJ0ZXh0dXJlcyI6eyJTS0lOIjp7InVybCI6Imh0dHA6Ly90ZXh0dXJlcy5taW5lY3JhZnQubmV0L3RleHR1cmUvOTNhNDdiMTMxZGJjYmMzMGYzY2JlOTY0NzdmYTVlMzcyMjY4MmZhYjk5NWNkMmQyMmY3NWIxNWU5NDgyZmQyMyJ9fX0=\"}]}}}"
      },
      "title": [{"text":"Journal","color":"white","bold":true},{"text":": ","color":"gray","bold":false},{"text":"Tower Archer","bold":true,"color":"red"}],
      "description": [{"text":"Journal entry for the Tower Archer. You can learn more in the ender chest.","color":"gray"}],
      "show_toast": true,
      "announce_to_chat": false,
      "hidden": true
    },
    "parent": "journal:blacksmith",
    "criteria": {
      "requirement": {
        "trigger": "minecraft:impossible"
      }
    }
}
