{
    "display": {
      "icon": {
        "item": "minecraft:player_head",
        "nbt":"{SkullOwner:{Id:[I;-152940523,445662955,-2001220033,348061908],Properties:{textures:[{Value:\"eyJ0ZXh0dXJlcyI6eyJTS0lOIjp7InVybCI6Imh0dHA6Ly90ZXh0dXJlcy5taW5lY3JhZnQubmV0L3RleHR1cmUvYzJlYzVhNTE2NjE3ZmYxNTczY2QyZjlkNWYzOTY5ZjU2ZDU1NzVjNGZmNGVmZWZhYmQyYTE4ZGM3YWI5OGNkIn19fQ==\"}]}}}"
      },
      "title": [{"text":"Journal","color":"white","bold":true},{"text":": ","color":"gray","bold":false},{"text":"Vex","bold":false,"color":"dark_green"}],
      "description": [{"text":"Journal entry for the Vex. You can learn more in the ender chest.","color":"gray"}],
      "show_toast": true,
      "announce_to_chat": false,
      "hidden": true
    },
    "parent": "journal:evoker",
    "criteria": {
      "requirement": {
        "trigger": "minecraft:impossible"
      }
    }
}
