{
  "display": {
    "icon": {
      "item": "minecraft:player_head",
      "nbt":"{SkullOwner:{Id:[I;73502451,-1145421044,-1440943755,92654936],Properties:{textures:[{Value:\"eyJ0ZXh0dXJlcyI6eyJTS0lOIjp7InVybCI6Imh0dHA6Ly90ZXh0dXJlcy5taW5lY3JhZnQubmV0L3RleHR1cmUvOWUxY2FiMzgyNDU4ZTg0M2FjNDM1NmUzZTAwZTFkMzVjMzZmNDQ5ZmExYTg0NDg4YWIyYzY1NTdiMzkyZCJ9fX0=\"}]}}}"
    },
    "title": [{"text":"Journal","color":"white","bold":true},{"text":": ","color":"gray","bold":false},{"text":"Vindicator Shopkeeper","bold":false,"color":"dark_green"}],
    "description": [{"text":"Journal entry for the Vindicator Shopkeeper. You can learn more in the ender chest.","color":"gray"}],
    "show_toast": true,
    "announce_to_chat": false,
    "hidden": true
  },
  "parent": "journal:block",
  "criteria": {
    "requirement": {
      "trigger": "minecraft:impossible"
    }
  }
}