{
    "display": {
      "icon": {
        "item": "minecraft:player_head",
        "nbt":"{SkullOwner:{Id:[I;-2099301300,637488734,-1188482528,1503333],Properties:{textures:[{Value:\"eyJ0ZXh0dXJlcyI6eyJTS0lOIjp7InVybCI6Imh0dHA6Ly90ZXh0dXJlcy5taW5lY3JhZnQubmV0L3RleHR1cmUvZTkyMDg5NjE4NDM1YTBlZjYzZTk1ZWU5NWE5MmI4MzA3M2Y4YzMzZmE3N2RjNTM2NTE5OWJhZDMzYjYyNTYifX19\"}]}}}"
      },
      "title": [{"text":"Journal","color":"white","bold":true},{"text":": ","color":"gray","bold":false},{"text":"Viscean","bold":true,"color":"dark_red"}],
      "description": [{"text":"Journal entry for the Viscean the Overseer. You can learn more in the ender chest.","color":"gray"}],
      "show_toast": true,
      "announce_to_chat": false,
      "hidden": true
    },
    "parent": "journal:skelrath",
    "criteria": {
      "requirement": {
        "trigger": "minecraft:impossible"
      }
    }
}
