{
    "display": {
      "icon": {
        "item": "minecraft:player_head",
      "nbt":"{SkullOwner:{Id:[I;1174021127,1024872041,-1604793158,-418377743],Properties:{textures:[{Value:\"eyJ0ZXh0dXJlcyI6eyJTS0lOIjp7InVybCI6Imh0dHA6Ly90ZXh0dXJlcy5taW5lY3JhZnQubmV0L3RleHR1cmUvMzEyYmVhYWRlMDBkNzlmODBkYmExMzdmMjg3ZDYzZTBmZDljN2I2ZTI1OTE4YzgzYzU4NDJmNzk3OGRiMWI5NyJ9fX0=\"}]}}}"
    },
      "title": [{"text":"Journal","color":"white","bold":true},{"text":": ","color":"gray","bold":false},{"text":"Wind Thief","bold":false,"color":"#61369c"}],
      "description": [{"text":"Journal entry for the Wind Thief. You can learn more in the ender chest.","color":"gray"}],
      "show_toast": true,
      "announce_to_chat": false,
      "hidden": true
    },
    "parent": "journal:withered_leaper",
    "criteria": {
      "requirement": {
        "trigger": "minecraft:impossible"
      }
    }
}
