{
    "display": {
      "icon": {
        "item": "minecraft:player_head",
      "nbt":"{SkullOwner:{Id:[I;-665843218,1529103261,-1242643189,-1808836039],Properties:{textures:[{Value:\"eyJ0ZXh0dXJlcyI6eyJTS0lOIjp7InVybCI6Imh0dHA6Ly90ZXh0dXJlcy5taW5lY3JhZnQubmV0L3RleHR1cmUvYmQyZGIzODM3MDRiMThjNzg3ZTViNzNmMjFhMjZmM2QyYzQxZjllYzc0YWViZTI4ODI0MTM1MGE2NDZmYjVkYSJ9fX0=\"}]}}}"
    },
      "title": [{"text":"Journal","color":"white","bold":true},{"text":": ","color":"gray","bold":false},{"text":"Withered Knight","bold":false,"color":"#61369c"}],
      "description": [{"text":"Journal entry for the Withered Knight. You can learn more in the ender chest.","color":"gray"}],
      "show_toast": true,
      "announce_to_chat": false,
      "hidden": true
    },
    "parent": "journal:bandit",
    "criteria": {
      "requirement": {
        "trigger": "minecraft:impossible"
      }
    }
}
