{
    "display": {
      "icon": {
        "item": "minecraft:player_head",
      "nbt":"{SkullOwner:{Id:[I;729435567,299450419,-1183452299,-1582852074],Properties:{textures:[{Value:\"eyJ0ZXh0dXJlcyI6eyJTS0lOIjp7InVybCI6Imh0dHA6Ly90ZXh0dXJlcy5taW5lY3JhZnQubmV0L3RleHR1cmUvMmQyNmYyZGZkZjVkZmZjMTZmYzgwODExYTg0MzUyNGRhZjEyYzQ5MzFlYzg1MDMwNzc3NWM2ZDM1YTVmNDZjMSJ9fX0=\"}]}}}"
    },
      "title": [{"text":"Journal","color":"white","bold":true},{"text":": ","color":"gray","bold":false},{"text":"Withered Leaper","bold":false,"color":"#61369c"}],
      "description": [{"text":"Journal entry for the Wither Leaper. You can learn more in the ender chest.","color":"gray"}],
      "show_toast": true,
      "announce_to_chat": false,
      "hidden": true
    },
    "parent": "journal:ghost",
    "criteria": {
      "requirement": {
        "trigger": "minecraft:impossible"
      }
    }
}
