{
    "display": {
      "icon": {
        "item": "minecraft:player_head",
      "nbt":"{SkullOwner:{Id:[I;-927087325,-1965469740,-1412048941,1565797602],Properties:{textures:[{Value:\"eyJ0ZXh0dXJlcyI6eyJTS0lOIjp7InVybCI6Imh0dHA6Ly90ZXh0dXJlcy5taW5lY3JhZnQubmV0L3RleHR1cmUvYTA3ODk2ZDk0OGM4YTk0NmQ4MWZkN2U1MzQ2MmQ1OTkxMzZkMGU2MTk4ODUwZTEyMjUzNzk3ODAzZDA1MmY1YyJ9fX0=\"}]}}}"
    },
      "title": [{"text":"Journal","color":"white","bold":true},{"text":": ","color":"gray","bold":false},{"text":"Withered Brute","bold":false,"color":"#61369c"}],
      "description": [{"text":"Journal entry for the Withered Brute. You can learn more in the ender chest.","color":"gray"}],
      "show_toast": true,
      "announce_to_chat": false,
      "hidden": true
    },
    "parent": "journal:skeleton_knight",
    "criteria": {
      "requirement": {
        "trigger": "minecraft:impossible"
      }
    }
}
