{
  "pools": [
    {
      "rolls": 1,
      "entries": [
        {
          "type": "minecraft:item",
          "name": "minecraft:tnt",
          "functions": [
            {
              "function": "minecraft:set_nbt",
              "tag": "{droppable:1b,throwable:1b,shop_item:1b,display:{Name:'[{\"text\":\"Throwable\",\"color\":\"#ff3f48\",\"italic\":false},{\"text\":\" TNT \",\"color\":\"d4d4d4\"},{\"text\":\"<\",\"color\":\"dark_gray\",\"bold\":true},{\"keybind\":\"key.drop\",\"color\":\"gray\",\"bold\":false},{\"text\":\">\",\"color\":\"dark_gray\",\"bold\":true}]',Lore:['[{\"text\":\"Drop to throw an explosive.\",\"color\":\"gray\",\"italic\":false}]']},needs_initialization:1b}"
            },
            {
              "function":"minecraft:set_count",
              "count": 3
            }
          ]
        }
      ]
    }
  ]
}