{ "type":"minecraft:generic", "pools" : 
    [ { "rolls":1, "entries":
        [ { "type": "minecraft:item", "functions":
            [ {"function":"minecraft:set_nbt","entity":"this","tag":"{HideFlags:63,clickable:1,invalid_click:1}"},
              {"function": "minecraft:set_name", "entity": "this", "name": [{"text":"Treasure ","color":"yellow","italic":false,"bold":false},{"text":"collected","color":"green"},{"text":": ","color":"gray"},{"score":{"objective":"global_treasure","name":"@s"},"color":"gold","italic":false,"bold":true}] }], 
              "name": "minecraft:piglin_brute_spawn_egg" } ] } ] }
