{
    "display": {
        "icon": {
            "item": "minecraft:emerald"
        },
        "title": {
            "text": "Shopping spree!",
            "color": "green",
            "bold": true
        },
        "frame": "task",
        "show_toast": true,
        "announce_to_chat": false,
        "description": {
            "text": "Buy an item at a shop.",
            "color": "#fac84b",
            "bold": false
        }
    },
    "parent": "advancements:game-first_upgrade",
    "criteria": {
        "impossible": {
            "trigger": "minecraft:impossible"
        }
    }
}