{
    "display": {
        "icon": {
            "item": "minecraft:redstone_block"
        },
        "title": {
            "text": "Going furthest!",
            "color": "green",
            "bold": true
        },
        "frame": "task",
        "show_toast": true,
        "announce_to_chat": false,
        "description": {
            "text": "Open a boss door in Dungeon of the Arbalist.",
            "color": "#fac84b",
            "bold": false
        }
    },
    "parent": "advancements:game-dark_door",
    "criteria": {
        "impossible": {
            "trigger": "minecraft:impossible"
        }
    }
}