{
    "display": {
        "icon": {
            "item": "minecraft:skeleton_skull"
        },
        "title": {
            "text": "Another fallen arbalist...",
            "color": "green",
            "bold": true
        },
        "frame": "task",
        "show_toast": true,
        "announce_to_chat": false,
        "description": {
            "text": "Die in the dungeon.",
            "color": "#fac84b",
            "bold": false
        }
    },
    "parent": "advancements:root",
    "criteria": {
        "impossible": {
            "trigger": "minecraft:impossible"
        }
    }
}