{
    "display": {
        "icon": {
            "item": "minecraft:armor_stand"
        },
        "title": {
            "text": "Who's that?",
            "color": "dark_aqua",
            "bold": true
        },
        "frame": "task",
        "show_toast": true,
        "announce_to_chat": false,
        "description": {
            "text": "Look at the credits in the lobby.",
            "color": "#fac84b",
            "bold": false
        }
    },
    "parent": "advancements:lobby-cosmetic",
    "criteria": {
        "impossible": {
            "trigger": "minecraft:impossible"
        }
    }
}