{
    "display": {
        "icon": {
            "item": "minecraft:chain_command_block",
            "nbt": "{CustomModelData:0}"
        },
        "title": {
            "text": "CR Expert",
            "color": "dark_aqua",
            "bold": true
        },
        "frame": "task",
        "show_toast": true,
        "announce_to_chat": false,
        "description": {
            "text": "Find the Command Realm \"CR\" in the lobby.",
            "color": "#fac84b",
            "bold": false
        }
    },
    "parent": "advancements:lobby-credits",
    "criteria": {
        "impossible": {
            "trigger": "minecraft:impossible"
        }
    }
}