{
    "display": {
        "icon": {
            "item": "minecraft:grass_block"
        },
        "title": {
            "text": "A natural choice.",
            "color": "red",
            "bold": true
        },
        "frame": "task",
        "show_toast": true,
        "announce_to_chat": false,
        "description": {
            "text": "Use a nature upgrade.",
            "color": "#fac84b",
            "bold": false
        }
    },
    "parent": "advancements:upgrade-lightning",
    "criteria": {
        "impossible": {
            "trigger": "minecraft:impossible"
        }
    }
}