{
    "display": {
        "icon": {
            "item": "minecraft:cracked_stone_bricks"
        },
        "title": {
            "text": "Invaded No Longer!",
            "color": "gold",
            "bold": true
        },
        "frame": "task",
        "show_toast": true,
        "announce_to_chat": false,
        "description": {
            "text": "Beat the Invaded Castle",
            "color": "#fac84b",
            "bold": false
        }
    },
    "parent": "advancements:wins-default",
    "criteria": {
        "impossible": {
            "trigger": "minecraft:impossible"
        }
    }
}