{
    "display": {
        "icon": {
            "item": "minecraft:golden_chestplate"
        },
        "title": {
            "text": "Exclusive Armor",
            "color": "gold",
            "bold": true
        },
        "frame": "task",
        "show_toast": true,
        "announce_to_chat": false,
        "description": {
            "text": "Complete this row to unlock.",
            "color": "#fac84b",
            "bold": false
        }
    },
    "parent": "advancements:wins-captain",
    "criteria": {
        "impossible": {
            "trigger": "minecraft:impossible"
        }
    }
}