{
    "display": {
        "icon": {
            "item": "minecraft:green_concrete"
        },
        "title": {
            "text": "You must be new here.",
            "color": "gold",
            "bold": true
        },
        "frame": "task",
        "show_toast": true,
        "announce_to_chat": false,
        "description": {
            "text": "Beat the game on super easy or higher.",
            "color": "#fac84b",
            "bold": false
        }
    },
    "parent": "advancements:root",
    "criteria": {
        "impossible": {
            "trigger": "minecraft:impossible"
        }
    }
}