{ "type":"minecraft:generic", "pools" : 
    [ { "rolls":1, "entries":
        [ { "type": "minecraft:item", "functions":
            [ {"function":"minecraft:set_nbt","entity":"this","tag":"{HideFlags:63,ChargedProjectiles:[{id:\"minecraft:tipped_arrow\",Count:1b,tag:{CustomPotionColor:14079702,CustomPotionEffects:[{Id:26,Duration:2,Amplifier:57},{Id:13,Duration:2,Amplifier:1},{Id:4,Duration:2,Amplifier:3}]}}],Charged:1b,Unbreakable:1b,delay:10,reload_delay:65,quiver:18}"},
              {"function": "minecraft:set_name", "entity": "this", "name": [{"text":"(","italic":false,"color":"#7a8f77","bold":true},{"text":"1","color":"#fffeaf","bold":false},{"text":") ","color":"#7a8f77","bold":true},{"text":"Air","color":"#d6d6d6","bold":true,"italic":false},{"text":" Crossbow","color":"#6a430f","italic":false,"bold":false}] },
              {"function": "minecraft:set_lore", "entity":"this","lore":[{"text":"Pushes enemies.","color":"gray","italic":false}]}], 
              "name": "minecraft:crossbow" } ] } ] }
