{ "type":"minecraft:generic", "pools" : 
    [ { "rolls":1, "entries":
        [ { "type": "minecraft:item", "functions":
            [ {"function":"minecraft:set_nbt","entity":"this","tag":"{HideFlags:255,ChargedProjectiles:[{id:\"minecraft:tipped_arrow\",Count:1b,tag:{CustomPotionColor:14079702,CustomPotionEffects:[{Id:26,Duration:2,Amplifier:104},{Id:13,Duration:2,Amplifier:10},{Id:4,Duration:2,Amplifier:3}]}}],Charged:1b,Unbreakable:1b,delay:8,reload_delay:67,quiver:31}"},
              {"function": "minecraft:set_name", "entity": "this", "name": [{"text":"(","italic":false,"color":"#aea28c","bold":true},{"text":"3","color":"#ac353b","bold":false},{"text":") ","color":"#aea28c","bold":true},{"text":"Atmosphere","color":"#d6d6d6","bold":true,"italic":false},{"text":" Crossbow","color":"#6a430f","italic":false,"bold":false}] },
              {"function": "minecraft:set_lore", "entity":"this","lore":[{"text":"DPS","color":"dark_green","italic":false,"bold":false,"extra":[{"text":": ","color":"gray","bold":false},{"score":{"name":"$damage","objective":"calculate"},"color":"white","bold":true}]},{"text":"Pushes enemies.","color":"gray","italic":false}]}], 
              "name": "minecraft:crossbow" } ] } ] }
