{ "type":"minecraft:generic", "pools" : 
    [ { "rolls":1, "entries":
        [ { "type": "minecraft:item", "functions":
            [ {"function":"minecraft:set_nbt","entity":"this","tag":"{Enchantments:[{id:\"minecraft:piercing\",lvl:2}],HideFlags:63,ChargedProjectiles:[{id:\"minecraft:tipped_arrow\",Count:1b,tag:{CustomPotionColor:15782991,CustomPotionEffects:[{Id:26,Duration:2,Amplifier:70},{Id:4,Duration:2,Amplifier:5}]}}],Charged:1b,Unbreakable:1b,delay:14,reload_delay:55,quiver:21}"},
              {"function": "minecraft:set_name", "entity": "this", "name": [{"text":"(","italic":false,"color":"#a57f81","bold":true},{"text":"2","color":"#cffffd","bold":false},{"text":") ","color":"#a57f81","bold":true},{"text":"Electric","color":"#f0d44f","bold":true,"italic":false},{"text":" Crossbow","color":"#6a430f","italic":false,"bold":false}] },
              {"function": "minecraft:set_lore", "entity":"this","lore":[{"text":"Piercing II","color":"gray","italic":false}]}], 
              "name": "minecraft:crossbow" } ] } ] }
