{ "type":"minecraft:generic", "pools" : 
    [ { "rolls":1, "entries":
        [ { "type": "minecraft:item", "functions":
            [ {"function":"minecraft:set_nbt","entity":"this","tag":"{Enchantments:[{id:\"minecraft:piercing\",lvl:1}],HideFlags:63,ChargedProjectiles:[{id:\"minecraft:tipped_arrow\",Count:1b,tag:{CustomPotionColor:7333631,CustomPotionEffects:[{Id:26,Duration:2,Amplifier:57},{Id:4,Duration:2,Amplifier:4},{Id:2,Duration:100,Amplifier:0}]}}],Charged:1b,Unbreakable:1b,delay:11,reload_delay:65,quiver:22}"},
              {"function": "minecraft:set_name", "entity": "this", "name": [{"text":"(","italic":false,"color":"#a57f81","bold":true},{"text":"2","color":"#cffffd","bold":false},{"text":") ","color":"#a57f81","bold":true},{"text":"Frost","color":"#6fe6ff","bold":true,"italic":false},{"text":" Crossbow","color":"#6a430f","italic":false,"bold":false}]},
                {"function": "minecraft:set_lore", "entity":"this","lore":[{"text":"Piercing I","color":"gray","italic":false},{"text":"Inflicts slowness on enemies.","color":"gray","italic":false}] }], 
              "name": "minecraft:crossbow" } ] } ] }
