{ "type":"minecraft:generic", "pools" : 
    [ { "rolls":1, "entries":
        [ { "type": "minecraft:item", "functions":
            [ {"function":"minecraft:set_nbt","entity":"this","tag":"{HideFlags:255,ChargedProjectiles:[{id:\"minecraft:tipped_arrow\",Count:1b,tag:{CustomPotionColor:1084552,CustomPotionEffects:[{Id:26,Duration:2,Amplifier:57},{Id:29,Duration:2,Amplifier:0},{Id:13,Duration:2,Amplifier:15}]}}],Charged:1b,Unbreakable:1b,delay:5,reload_delay:55,quiver:26}"},
              {"function": "minecraft:set_name", "entity": "this", "name": [{"text":"(","italic":false,"color":"#aea28c","bold":true},{"text":"3","color":"#ac353b","bold":false},{"text":") ","color":"#aea28c","bold":true},{"text":"Frostbite","color":"#108c88","bold":true,"italic":false},{"text":" Crossbow","color":"#6a430f","italic":false,"bold":false}] },
              {"function": "minecraft:set_lore", "entity":"this","lore":[{"text":"DPS","color":"dark_green","italic":false,"bold":false,"extra":[{"text":": ","color":"gray","bold":false},{"score":{"name":"$damage","objective":"calculate"},"color":"white","bold":true}]},{"text":"Inflicts enemies with slowness, becomes stronger with each hit.","color":"gray","italic":false}]}], 
              "name": "minecraft:crossbow" } ] } ] }
