{ "type":"minecraft:generic", "pools" : 
    [ { "rolls":1, "entries":
        [ { "type": "minecraft:item", "functions":
            [ {"function":"minecraft:set_nbt","entity":"this","tag":"{Enchantments:[{id:\"minecraft:piercing\",lvl:1}],HideFlags:255,ChargedProjectiles:[{id:\"minecraft:tipped_arrow\",Count:1b,tag:{CustomPotionColor:7333631,CustomPotionEffects:[{Id:26,Duration:2,Amplifier:75},{Id:4,Duration:2,Amplifier:4},{Id:2,Duration:90,Amplifier:2}]}}],Charged:1b,Unbreakable:1b,delay:9,reload_delay:60,quiver:27}"},
              {"function": "minecraft:set_name", "entity": "this", "name": [{"text":"(","italic":false,"color":"#aea28c","bold":true},{"text":"3","color":"#ac353b","bold":false},{"text":") ","color":"#aea28c","bold":true},{"text":"Glacier","color":"#6fe6ff","bold":true,"italic":false},{"text":" Crossbow","color":"#6a430f","italic":false,"bold":false}] },
              {"function": "minecraft:set_lore", "entity":"this","lore":[{"text":"DPS","color":"dark_green","italic":false,"bold":false,"extra":[{"text":": ","color":"gray","bold":false},{"score":{"name":"$damage","objective":"calculate"},"color":"white","bold":true}]},{"text":"Piercing I","color":"gray","italic":false},{"text":"Inflicts slowness on enemies.","color":"gray","italic":false}]}], 
              "name": "minecraft:crossbow" } ] } ] }
