{ "type":"minecraft:generic", "pools" : 
    [ { "rolls":1, "entries":
        [ { "type": "minecraft:item", "functions":
            [ {"function":"minecraft:set_nbt","entity":"this","tag":"{HideFlags:63,ChargedProjectiles:[{id:\"minecraft:tipped_arrow\",Count:1b,tag:{CustomPotionColor:1552396,CustomPotionEffects:[{Id:26,Duration:2,Amplifier:90},{Id:29,Duration:2,Amplifier:0},{Id:4,Duration:2,Amplifier:6}]}}],Charged:1b,Unbreakable:1b,delay:8,reload_delay:40,quiver:30}"},
              {"function": "minecraft:set_name", "entity": "this", "name": [{"text":"(","italic":false,"color":"#aea28c","bold":true},{"text":"3","color":"#ac353b","bold":false},{"text":") ","color":"#aea28c","bold":true},{"text":"Life","color":"#17b00c","bold":true,"italic":false},{"text":" Crossbow","color":"#6a430f","italic":false,"bold":false}] },
              {"function": "minecraft:set_lore", "entity":"this","lore":[{"text":"After defeating five enemies, you heal half a heart.","color":"gray","italic":false}]}], 
              "name": "minecraft:crossbow" } ] } ] }
