{ "type":"minecraft:generic", "pools" : 
    [ { "rolls":1, "entries":
        [ { "type": "minecraft:item", "functions":
            [ {"function":"minecraft:set_nbt","entity":"this","tag":"{HideFlags:63,ChargedProjectiles:[{id:\"minecraft:tipped_arrow\",Count:1b,tag:{CustomPotionColor:1552396,CustomPotionEffects:[{Id:26,Duration:2,Amplifier:60},{Id:4,Duration:2,Amplifier:6}]}}],Charged:1b,Unbreakable:1b,delay:10,reload_delay:45,quiver:15}"},
              {"function": "minecraft:set_name", "entity": "this", "name": [{"text":"(","italic":false,"color":"#7a8f77","bold":true},{"text":"1","color":"#fffeaf","bold":false},{"text":") ","color":"#7a8f77","bold":true},{"text":"Nature","color":"#17b00c","bold":true,"italic":false},{"text":" Crossbow","color":"#6a430f","italic":false,"bold":false}] }], 
              "name": "minecraft:crossbow" } ] } ] }
