{ "type":"minecraft:generic", "pools" : 
    [ { "rolls":1, "entries":
        [ { "type": "minecraft:item", "functions":
            [ {"function":"minecraft:set_nbt","entity":"this","tag":"{Enchantments:[{id:\"minecraft:multishot\",lvl:1}],HideFlags:255,ChargedProjectiles:[{id:\"minecraft:tipped_arrow\",Count:3b,tag:{CustomPotionColor:4997443,CustomPotionEffects:[{Id:26,Duration:2,Amplifier:127},{Id:32,Duration:2,Amplifier:33}]}},{id:\"minecraft:tipped_arrow\",Count:3b,tag:{CustomPotionColor:4997443,CustomPotionEffects:[{Id:26,Duration:2,Amplifier:127},{Id:32,Duration:2,Amplifier:33}]}},{id:\"minecraft:tipped_arrow\",Count:3b,tag:{CustomPotionColor:4997443,CustomPotionEffects:[{Id:26,Duration:2,Amplifier:127},{Id:32,Duration:2,Amplifier:33}]}},],Charged:1b,Unbreakable:1b,delay:16,reload_delay:120,quiver:23}"},
              {"function": "minecraft:set_name", "entity": "this", "name": [{"text":"(","italic":false,"color":"#aea28c","bold":true},{"text":"3","color":"#ac353b","bold":false},{"text":") ","color":"#aea28c","bold":true},{"text":"Netherite","color":"#4c4143","bold":true,"italic":false},{"text":" Crossbow","color":"#6a430f","italic":false,"bold":false}] },
              {"function": "minecraft:set_lore", "entity":"this","lore":[{"text":"DPS","color":"dark_green","italic":false,"bold":false,"extra":[{"text":": ","color":"gray","bold":false},{"score":{"name":"$damage","objective":"calculate"},"color":"white","bold":true}]},{"text":"Multishot","color":"gray","italic":false}]}], 
              "name": "minecraft:crossbow" } ] } ] }
