{ "type":"minecraft:generic", "pools" : 
    [ { "rolls":1, "entries":
        [ { "type": "minecraft:item", "functions":
            [ {"function":"minecraft:set_nbt","entity":"this","tag":"{Enchantments:[{id:\"minecraft:multishot\",lvl:1}],HideFlags:63,ChargedProjectiles:[{id:\"minecraft:tipped_arrow\",Count:3b,tag:{CustomPotionColor:6391682,CustomPotionEffects:[{Id:26,Duration:2,Amplifier:60},{Id:2,Duration:120,Amplifier:0},{Id:4,Duration:2,Amplifier:8}]}},{id:\"minecraft:tipped_arrow\",Count:3b,tag:{CustomPotionColor:6391682,CustomPotionEffects:[{Id:26,Duration:2,Amplifier:60},{Id:2,Duration:120,Amplifier:0},{Id:4,Duration:2,Amplifier:8}]}},{id:\"minecraft:tipped_arrow\",Count:3b,tag:{CustomPotionColor:6391682,CustomPotionEffects:[{Id:26,Duration:2,Amplifier:60},{Id:2,Duration:120,Amplifier:0},{Id:4,Duration:2,Amplifier:8}]}},],Charged:1b,Unbreakable:1b,delay:8,reload_delay:40,quiver:18}"},
              {"function": "minecraft:set_name", "entity": "this", "name": [{"text":"(","italic":false,"color":"#aea28c","bold":true},{"text":"3","color":"#ac353b","bold":false},{"text":") ","color":"#aea28c","bold":true},{"text":"Niveous","color":"#618782","bold":true,"italic":false},{"text":" Crossbow","color":"#6a430f","italic":false,"bold":false}] },
              {"function": "minecraft:set_lore", "entity":"this","lore":[{"text":"Multishot","color":"gray","italic":false},{"text":"Inflicts slowness on enemies.","color":"gray","italic":false}]}], 
              "name": "minecraft:crossbow" } ] } ] }
