{ "type":"minecraft:generic", "pools" : 
    [ { "rolls":1, "entries":
        [ { "type": "minecraft:item", "functions":
            [ {"function":"minecraft:set_nbt","entity":"this","tag":"{HideFlags:63,ChargedProjectiles:[{id:\"minecraft:tipped_arrow\",Count:1b,tag:{CustomPotionColor:4539702,CustomPotionEffects:[{Id:26,Duration:2,Amplifier:127},{Id:32,Duration:2,Amplifier:43},{Id:13,Duration:2,Amplifier:18}]}}],Charged:1b,Unbreakable:1b,delay:15,reload_delay:65,quiver:27}"},
              {"function": "minecraft:set_name", "entity": "this", "name": [{"text":"(","italic":false,"color":"#aea28c","bold":true},{"text":"3","color":"#ac353b","bold":false},{"text":") ","color":"#aea28c","bold":true},{"text":"Thunderstorm","color":"#454536","bold":true,"italic":false},{"text":" Crossbow","color":"#6a430f","italic":false,"bold":false}] },
              {"function": "minecraft:set_lore", "entity":"this","lore":[{"text":"Drops a block, which inflicts levitation, above hit enemies.","color":"gray","italic":false}]}], 
              "name": "minecraft:crossbow" } ] } ] }
