{ "type":"minecraft:generic", "pools" : 
    [ { "rolls":1, "entries":
        [ { "type": "minecraft:item", "functions":
            [ {"function":"minecraft:set_nbt","entity":"this","tag":"{HideFlags:63,ChargedProjectiles:[{id:\"minecraft:tipped_arrow\",Count:1b,tag:{CustomPotionColor:4075089,CustomPotionEffects:[{Id:26,Duration:2,Amplifier:127},{Id:32,Duration:2,Amplifier:83},{Id:4,Duration:2,Amplifier:7}]}}],Charged:1b,Unbreakable:1b,delay:17,reload_delay:60,quiver:26}"},
              {"function": "minecraft:set_name", "entity": "this", "name": [{"text":"(","italic":false,"color":"#aea28c","bold":true},{"text":"3","color":"#ac353b","bold":false},{"text":") ","color":"#aea28c","bold":true},{"text":"Void","color":"#3e2e51","bold":true,"italic":false},{"text":" Crossbow","color":"#6a430f","italic":false,"bold":false}] }], 
              "name": "minecraft:crossbow" } ] } ] }
