{
  "pools": [
    {
      "rolls": 1,
      "entries": [
        {
          "type": "minecraft:item",
          "name": "minecraft:red_shulker_box",
          "functions": [
            {
              "function": "minecraft:set_nbt",
              "tag": "{droppable:1b,shop_item:1b,display:{Name:'[{\"text\":\"Healing \",\"color\":\"red\",\"italic\":false},{\"text\":\"Chest \",\"color\":\"#a87a21\",\"italic\":false},{\"text\":\"<\",\"color\":\"dark_gray\",\"bold\":true},{\"keybind\":\"key.drop\",\"color\":\"gray\",\"bold\":false},{\"text\":\">\",\"color\":\"dark_gray\",\"bold\":true}]',Lore:['[{\"text\":\"Drop to open; has a chance to give health.\",\"color\":\"gray\",\"italic\":false}]']},needs_initialization:1b}"
            }
          ]
        }
      ]
    }
  ]
}