{
  "pools": [
    {
      "rolls": 1,
      "entries": [
        {
          "type": "minecraft:item",
          "name": "minecraft:lead",
          "functions": [
            {
              "function": "minecraft:set_nbt",
              "tag": "{shop_item:1b,display:{Name:'[{\"text\":\"Rope\",\"color\":\"#9c7f4b\",\"italic\":false}]',Lore:['[{\"text\":\"Saves you from a lava or void death.\",\"color\":\"gray\",\"italic\":false}]']},needs_initialization:1b}"
            }
          ]
        }
      ]
    }
  ]
}