{
  "pools": [
    {
      "rolls": 1,
      "entries": [
        {
          "type": "minecraft:item",
          "name": "minecraft:shield",
          "functions": [
            {
              "function": "minecraft:set_nbt",
              "tag": "{shop_item:1b,Damage:307,display:{Name:'[{\"text\":\"Shield\",\"color\":\"yellow\",\"italic\":false}]',Lore:['[{\"text\":\"Use to block damage.\",\"color\":\"gray\",\"italic\":false}]']},needs_initialization:1b}"
            }
          ]
        }
      ]
    }
  ]
}