{
  "pools": [
    {
      "rolls": 1,
      "entries": [
        {
          "type": "minecraft:item",
          "name": "minecraft:ice",
          "functions": [
            {
              "function": "minecraft:set_nbt",
              "tag": "{throwable:1b,droppable:1b,shop_item:1b,Damage:50,display:{Name:'[{\"text\":\"Throwable\",\"color\":\"#b8fff6\",\"italic\":false},{\"text\":\" Ice \",\"color\":\"#00ffde\"},{\"text\":\"<\",\"color\":\"dark_gray\",\"bold\":true},{\"keybind\":\"key.drop\",\"color\":\"gray\",\"bold\":false},{\"text\":\">\",\"color\":\"dark_gray\",\"bold\":true}]',Lore:['[{\"text\":\"Drop to throw a slowness bomb.\",\"color\":\"gray\",\"italic\":false}]']},needs_initialization:1b}"
            },
            {
              "function": "minecraft:set_count",
              "count": 3
            }
          ]
        }
      ]
    }
  ]
}