{
  "pools": [
    {
      "rolls": 1,
      "entries": [
        {
          "type": "minecraft:item",
          "name": "minecraft:blue_glazed_terracotta",
          "functions": [
            {
              "function": "minecraft:set_nbt",
              "tag": "{throwable:1b,droppable:1b,shop_item:1b,Damage:50,display:{Name:'[{\"text\":\"Throwable\",\"color\":\"aqua\",\"italic\":false},{\"text\":\" Whirlpool \",\"color\":\"dark_aqua\"},{\"text\":\"<\",\"color\":\"dark_gray\",\"bold\":true},{\"keybind\":\"key.drop\",\"color\":\"gray\",\"bold\":false},{\"text\":\">\",\"color\":\"dark_gray\",\"bold\":true}]',Lore:['[{\"text\":\"Drop to throw a whirlpool that pulls mobs towards itself.\",\"color\":\"gray\",\"italic\":false}]']},needs_initialization:1b}"
            }
          ]
        }
      ]
    }
  ]
}