{
  "pools": [
    {
      "rolls": 1,
      "entries": [
        {
          "type": "minecraft:item",
          "name": "minecraft:zombie_head",
          "functions": [
            {
              "function": "minecraft:set_nbt",
              "tag": "{droppable:1b,shop_item:1b,display:{Name:'[{\"text\":\"Treasure\",\"color\":\"yellow\",\"italic\":false},{\"text\":\" Zombie \",\"color\":\"#5c7826\",\"italic\":false},{\"text\":\"<\",\"color\":\"dark_gray\",\"bold\":true},{\"keybind\":\"key.drop\",\"color\":\"gray\",\"bold\":false},{\"text\":\">\",\"color\":\"dark_gray\",\"bold\":true}]',Lore:['[{\"text\":\"Drop to summon a punching bag that gives treasure when hit.\",\"color\":\"gray\",\"italic\":false}]']},needs_initialization:1b}"
            }
          ]
        }
      ]
    }
  ]
}