{
    "criteria": {
      "requirement": {
        "trigger": "minecraft:player_killed_entity",
        "conditions": {
          "entity": [
            {
              "condition": "minecraft:entity_properties",
              "entity": "this",
              "predicate": {
                "type": "minecraft:zombie",
                "nbt": "{Tags:[\"ghost\",\"invisible\"]}",
                "effects": {
                  "minecraft:invisibility": {}
                }
              }
            }
          ]
        }
      }
    },
    "rewards": {
      "function": "game:advancement_checks/banshee"
    }
  }
  