{ "type":"minecraft:generic", "pools" : 
    [ { "rolls":1, "entries":
        [ { "type": "minecraft:item", "functions":
            [ {"function":"minecraft:set_nbt","entity":"this","tag":"{HideFlags:63,clickable:1,invalid_click:1}"},
              {"function": "minecraft:set_name", "entity": "this", "name": [{"text":"Times ","color":"yellow","italic":false,"bold":false},{"text":"fallen","color":"gold"},{"text":": ","color":"gray"},{"score":{"objective":"global_falls","name":"@s"},"color":"red","italic":false,"bold":true}] }], 
              "name": "minecraft:blaze_spawn_egg" } ] } ] }
