{ "type":"minecraft:generic", "pools" : [ { "rolls":1, "entries":[ { "type": "minecraft:item", "functions":[ {"function":"minecraft:set_nbt","entity":"this","tag":"{HideFlags:63,clickable:1}"},{ "function": "minecraft:set_name", "entity": "this", "name": [{"score":{"objective":"price_left","name":"@s"},"color":"#5a4f4f","bold":true},{"text":" treasure ","color":"yellow","bold":false},{"text":"remaining to open the door.","color":"#ab0909","bold":false}] } ], "name": "minecraft:gold_block" } ] } ] }