{ "type":"minecraft:generic", "pools" : [ { "rolls":1, "entries":[ { "type": "minecraft:item", "functions":[ {"function":"minecraft:set_nbt","entity":"this","tag":"{HideFlags:255,clickable:1}"},{ "function": "minecraft:set_name", "entity": "this", "name": [{"score":{"objective":"enemy_health","name":"@s"},"color":"red","bold":true},{"text":" / ","color":"gray","bold":false},{"score":{"objective":"enemy_max_health","name":"@s"},"color":"red","bold":true}] } ], "name": "minecraft:emerald" } ] } ] }