{ "type":"minecraft:generic", "pools" : [ { "rolls":1, "entries":[ { "type": "minecraft:item", "functions":[ {"function":"minecraft:set_nbt","entity":"this","tag":"{HideFlags:255,clickable:1}"},{ "function": "minecraft:set_name", "entity": "this", "name": [{"text":"- ","color":"gray"},{"text":"Revive within ","color":"green"},{"score":{"objective":"calculate","name":"$calculate"},"bold":true,"color":"dark_green"},{"text":" seconds.","color":"green"},{"text":" -","color":"gray"}]}], "name": "minecraft:gold_block" } ] } ] }