{
    "display": {
      "icon": {
        "item": "minecraft:player_head",
        "nbt":"{SkullOwner:{Id:[I;-1206773563,1102859335,-2146080280,1576203965],Properties:{textures:[{Value:\"eyJ0ZXh0dXJlcyI6eyJTS0lOIjp7InVybCI6Imh0dHA6Ly90ZXh0dXJlcy5taW5lY3JhZnQubmV0L3RleHR1cmUvZmZhNTk3MmY0ZmZlNTk0MWMxNGMzOTZlOWRmOTk4NjgxMzc0ODdjNTVjOTAyZTY2Y2Y3OWViNGY5OWQwYmQ2MiJ9fX0=\"}]}}}"
      },
      "title": [{"text":"Journal","color":"white","bold":true},{"text":": ","color":"gray","bold":false},{"text":"Royal Skeleton","bold":true,"color":"red"}],
      "description": [{"text":"Journal entry for the Royal Archer. You can learn more in the ender chest.","color":"gray"}],
      "show_toast": true,
      "announce_to_chat": false,
      "hidden": true
    },
    "parent": "journal:daring_dancer",
    "criteria": {
      "requirement": {
        "trigger": "minecraft:impossible"
      }
    }
}

