{
    "display": {
      "icon": {
        "item": "minecraft:player_head",
        "nbt":"{SkullOwner:{Id:[I;449435050,1190088049,-1334360732,942410307],Properties:{textures:[{Value:\"eyJ0ZXh0dXJlcyI6eyJTS0lOIjp7InVybCI6Imh0dHA6Ly90ZXh0dXJlcy5taW5lY3JhZnQubmV0L3RleHR1cmUvNGFlZTZiYjM3Y2JmYzkyYjBkODZkYjVhZGE0NzkwYzY0ZmY0NDY4ZDY4Yjg0OTQyZmRlMDQ0MDVlOGVmNTMzMyJ9fX0=\"}]}}}"
      },
      "title": [{"text":"Journal","color":"white","bold":true},{"text":": ","color":"gray","bold":false},{"text":"Shopkeeper","bold":false,"color":"dark_green"}],
      "description": [{"text":"Journal entry for the Shopkeeper. You can learn more in the ender chest.","color":"gray"}],
      "show_toast": true,
      "announce_to_chat": false,
      "hidden": true
    },
    "parent": "journal:hooded",
    "criteria": {
      "requirement": {
        "trigger": "minecraft:impossible"
      }
    }
}
