{
    "display": {
        "icon": {
            "item": "minecraft:granite"
        },
        "title": {
            "text": "This rocks!",
            "color": "red",
            "bold": true
        },
        "frame": "task",
        "show_toast": true,
        "announce_to_chat": false,
        "description": {
            "text": "Use an earth upgrade.",
            "color": "#fac84b",
            "bold": false
        }
    },
    "parent": "advancements:upgrade-water",
    "criteria": {
        "impossible": {
            "trigger": "minecraft:impossible"
        }
    }
}