{
  "pools": [
    {
      "rolls": 1,
      "entries": [
        {
          "type": "minecraft:item",
          "name": "minecraft:player_head",
          "functions": [
            {
              "function":"minecraft:set_nbt",
              "entity":"this",
              "tag":"{clickable:1,invalid_click:1,SkullOwner:{Id:[I;-179057810,2055423683,-1976388893,-1719646153],Properties:{textures:[{Value:\"eyJ0ZXh0dXJlcyI6eyJTS0lOIjp7InVybCI6Imh0dHA6Ly90ZXh0dXJlcy5taW5lY3JhZnQubmV0L3RleHR1cmUvYTZiOGQ4NzQ1ZjZmYzdhMGE3NzM1NGNlMWE5ZjMwNDY4MTdmNjZkMmQzYWZkMWJjZGFjNmQyZDEwZjM3OSJ9fX0=\"}]}}}"
            },
            {
              "function": "minecraft:set_name",
              "entity": "this",
              "name": [{"text":"Entry ","color":"white","italic":false},{"text":"3","color":"gray","bold":true},{"text":": ","color":"gray"},{"text":"Knight","color":"dark_green"}]
            },
            {
              "function": "minecraft:set_lore",
              "entity": "this",
              "lore": [{"text":"A zombie with knockback-resistant armor.","color":"green","italic":false},{"text":"Times killed","color":"red","italic":false,"extra":[{"text":": ","color":"gray","extra":[{"score":{"objective":"j_knight","name":"@s"},"bold":true,"color":"dark_red"}]}]}]
            }
          ]
        }
      ]
    }
  ]
}