{ "type":"minecraft:generic", "pools" : 
    [ { "rolls":1, "entries":
        [ { "type": "minecraft:item", "functions":
            [ {"function":"minecraft:set_nbt","entity":"this","tag":"{HideFlags:63,ChargedProjectiles:[{id:\"minecraft:tipped_arrow\",Count:1b,tag:{CustomPotionColor:5018768,CustomPotionEffects:[{Id:26,Duration:2,Amplifier:100},{Id:13,Duration:2,Amplifier:8}]}}],Charged:1b,Unbreakable:1b,delay:12,reload_delay:50,quiver:22}"},
              {"function": "minecraft:set_name", "entity": "this", "name": [{"text":"(","italic":false,"color":"#a57f81","bold":true},{"text":"2","color":"#cffffd","bold":false},{"text":") ","color":"#a57f81","bold":true},{"text":"Erratics","color":"#4c9490","bold":true,"italic":false},{"text":" Crossbow","color":"#6a430f","italic":false,"bold":false}] },
              {"function": "minecraft:set_lore", "entity":"this","lore":[{"text":"Slows enemies surrounding a successful hit.","color":"gray","italic":false}]}], 
              "name": "minecraft:crossbow" } ] } ] }
