{ "type":"minecraft:generic", "pools" : 
    [ { "rolls":1, "entries":
        [ { "type": "minecraft:item", "functions":
            [ {"function":"minecraft:set_nbt","entity":"this","tag":"{HideFlags:63,ChargedProjectiles:[{id:\"minecraft:tipped_arrow\",Count:1b,tag:{CustomPotionColor:9606268,CustomPotionEffects:[{Id:26,Duration:2,Amplifier:90},{Id:29,Duration:2,Amplifier:0},{Id:13,Duration:2,Amplifier:14}]}}],Charged:1b,Unbreakable:1b,delay:8,reload_delay:45,quiver:34}"},
              {"function": "minecraft:set_name", "entity": "this", "name": [{"text":"(","italic":false,"color":"#aea28c","bold":true},{"text":"3","color":"#ac353b","bold":false},{"text":") ","color":"#aea28c","bold":true},{"text":"Superconductor","color":"#92947c","bold":true,"italic":false},{"text":" Crossbow","color":"#6a430f","italic":false,"bold":false}] },
              {"function": "minecraft:set_lore", "entity":"this","lore":[{"text":"Becomes more powerful with each hit; resets when you miss.","color":"gray","italic":false}]}], 
              "name": "minecraft:crossbow" } ] } ] }
