{ "type":"minecraft:generic", "pools" : 
    [ { "rolls":1, "entries":
        [ { "type": "minecraft:item", "functions":
            [ {"function":"minecraft:set_nbt","entity":"this","tag":"{HideFlags:63,ChargedProjectiles:[{id:\"minecraft:tipped_arrow\",Count:1b,tag:{CustomPotionColor:11960331,CustomPotionEffects:[{Id:26,Duration:2,Amplifier:100},{Id:13,Duration:2,Amplifier:11}]}}],Charged:1b,Unbreakable:1b,delay:9,reload_delay:45,quiver:24}"},
              {"function": "minecraft:set_name", "entity": "this", "name": [{"text":"(","italic":false,"color":"#aea28c","bold":true},{"text":"3","color":"#ac353b","bold":false},{"text":") ","color":"#aea28c","bold":true},{"text":"Wildfire","color":"#b6800b","bold":true,"italic":false},{"text":" Crossbow","color":"#6a430f","italic":false,"bold":false}] },
              {"function": "minecraft:set_lore", "entity":"this","lore":[{"text":"Sets enemies on fire, which can be spread around.","color":"gray","italic":false}]}], 
              "name": "minecraft:crossbow" } ] } ] }
