{
    "display": {
      "icon": {
        "item": "minecraft:player_head",
        "nbt":"{SkullOwner:{Id:[I;1122684591,-655602890,-1588126521,-287951236],Properties:{textures:[{Value:\"eyJ0ZXh0dXJlcyI6eyJTS0lOIjp7InVybCI6Imh0dHA6Ly90ZXh0dXJlcy5taW5lY3JhZnQubmV0L3RleHR1cmUvMTU1ODJlZDUxMmE4Y2VhOWIxN2ZmYzMxY2ExMmI4NmYyYWJjY2Y4M2E2MjJmYjdkMTViNWYxNzFmNTFiYjY0In19fQ==\"}]}}}"
      },
      "title": [{"text":"Journal","color":"white","bold":true},{"text":": ","color":"gray","bold":false},{"text":"Cobalt King","bold":true,"color":"red"}],
      "description": [{"text":"Journal entry for the Cobalt King. You can learn more in the ender chest.","color":"gray"}],
      "show_toast": true,
      "announce_to_chat": false,
      "hidden": true
    },
    "parent": "journal:tower_archer",
    "criteria": {
      "requirement": {
        "trigger": "minecraft:impossible"
      }
    }
}
