{
    "display": {
      "icon": {
        "item": "minecraft:player_head",
        "nbt":"{SkullOwner:{Id:[I;-847629707,-1011593993,-2048760807,-2341734],Properties:{textures:[{Value:\"eyJ0ZXh0dXJlcyI6eyJTS0lOIjp7InVybCI6Imh0dHA6Ly90ZXh0dXJlcy5taW5lY3JhZnQubmV0L3RleHR1cmUvMjJiY2FjZWViNDE2MmY0MDBkNDQ3NDMzMTU5MzJhYzgyMGQzMTE5YWM4OTg2YTAxNjFhNzI2MTYxY2NjOTNmYyJ9fX0=\"}]}}}"
      },
      "title": [{"text":"Journal","color":"white","bold":true},{"text":": ","color":"gray","bold":false},{"text":"Gallant Golem","bold":true,"color":"red"}],
      "description": [{"text":"Journal entry for the Gallant Golem. You can learn more in the ender chest.","color":"gray"}],
      "show_toast": true,
      "announce_to_chat": false,
      "hidden": true
    },
    "parent": "journal:dangerous_duo",
    "criteria": {
      "requirement": {
        "trigger": "minecraft:impossible"
      }
    }
}
