{
    "display": {
      "icon": {
        "item": "minecraft:player_head",
        "nbt":"{SkullOwner:{Id:[I;-179057810,2055423683,-1976388893,-1719646153],Properties:{textures:[{Value:\"eyJ0ZXh0dXJlcyI6eyJTS0lOIjp7InVybCI6Imh0dHA6Ly90ZXh0dXJlcy5taW5lY3JhZnQubmV0L3RleHR1cmUvYTZiOGQ4NzQ1ZjZmYzdhMGE3NzM1NGNlMWE5ZjMwNDY4MTdmNjZkMmQzYWZkMWJjZGFjNmQyZDEwZjM3OSJ9fX0=\"}]}}}"
      },
      "title": [{"text":"Journal","color":"white","bold":true},{"text":": ","color":"gray","bold":false},{"text":"Knight","bold":false,"color":"dark_green"}],
      "description": [{"text":"Journal entry for the Knight. You can learn more in the ender chest.","color":"gray"}],
      "show_toast": true,
      "announce_to_chat": false,
      "hidden": true
    },
    "parent": "journal:spider",
    "criteria": {
      "requirement": {
        "trigger": "minecraft:impossible"
      }
    }
}