{
    "display": {
      "icon": {
        "item": "minecraft:player_head",
        "nbt":"{SkullOwner:{Id:[I;-1417813724,1136152051,-1770191689,1927503283],Properties:{textures:[{Value:\"eyJ0ZXh0dXJlcyI6eyJTS0lOIjp7InVybCI6Imh0dHA6Ly90ZXh0dXJlcy5taW5lY3JhZnQubmV0L3RleHR1cmUvZjM1NGE0MTcyYTliYTljNDdmYjg1M2FiMjg0ZmRjMGEzNDQzMjYwMTNlNWQ3M2M0YmVjNzgwMGQ4M2Y0ZTM5OSJ9fX0=\"}]}}}"
      },
      "title": [{"text":"Journal","color":"white","bold":true},{"text":": ","color":"gray","bold":false},{"text":"Leaper","bold":false,"color":"dark_green"}],
      "description": [{"text":"Journal entry for the Leaper. You can learn more in the ender chest.","color":"gray"}],
      "show_toast": true,
      "announce_to_chat": false,
      "hidden": true
    },
    "parent": "journal:brute",
    "criteria": {
      "requirement": {
        "trigger": "minecraft:impossible"
      }
    }
}