{
  "display": {
    "icon": {
      "item": "minecraft:player_head",
      "nbt":"{SkullOwner:{Id:[I;-1767051932,1535462297,-1205513267,2057279270],Properties:{textures:[{Value:\"eyJ0ZXh0dXJlcyI6eyJTS0lOIjp7InVybCI6Imh0dHA6Ly90ZXh0dXJlcy5taW5lY3JhZnQubmV0L3RleHR1cmUvMzg5NTdkNTAyM2M5MzdjNGM0MWFhMjQxMmQ0MzQxMGJkYTIzY2Y3OWE5ZjZhYjM2Yjc2ZmVmMmQ3YzQyOSJ9fX0=\"}]}}}"
    },
    "title": [{"text":"Journal","color":"white","bold":true},{"text":": ","color":"gray","bold":false},{"text":"Magma Cube","bold":false,"color":"dark_green"}],
    "description": [{"text":"Journal entry for the Magma Cube. You can learn more in the ender chest.","color":"gray"}],
    "show_toast": true,
    "announce_to_chat": false,
    "hidden": true
  },
  "parent": "journal:molten_titan",
  "criteria": {
    "requirement": {
      "trigger": "minecraft:impossible"
    }
  }
}
