{
    "display": {
      "icon": {
        "item": "minecraft:player_head",
        "nbt":"{SkullOwner:{Id:[I;1785929880,503663408,-1696403692,-78066405],Properties:{textures:[{Value:\"eyJ0ZXh0dXJlcyI6eyJTS0lOIjp7InVybCI6Imh0dHA6Ly90ZXh0dXJlcy5taW5lY3JhZnQubmV0L3RleHR1cmUvMmM1MDk3OTE2YmMwNTY1ZDMwNjAxYzBlZWJmZWIyODcyNzdhMzRlODY3YjRlYTQzYzYzODE5ZDUzZTg5ZWRlNyJ9fX0=\"}]}}}"
      },
      "title": [{"text":"Journal","color":"white","bold":true},{"text":": ","color":"gray","bold":false},{"text":"Nixeous the Scoundrel","bold":true,"color":"dark_red"}],
      "description": [{"text":"Journal entry for the Nixeous the Scoundrel. You can learn more in the ender chest.","color":"gray"}],
      "show_toast": true,
      "announce_to_chat": false,
      "hidden": true
    },
    "parent": "journal:shield_guardian",
    "criteria": {
      "requirement": {
        "trigger": "minecraft:impossible"
      }
    }
}


