{
    "display": {
      "icon": {
        "item": "minecraft:player_head",
        "nbt":"{SkullOwner:{Id:[I;-672593164,1073039141,-1481174912,860659466],Properties:{textures:[{Value:\"eyJ0ZXh0dXJlcyI6eyJTS0lOIjp7InVybCI6Imh0dHA6Ly90ZXh0dXJlcy5taW5lY3JhZnQubmV0L3RleHR1cmUvM2JjYmJmOTRkNjAzNzQzYTFlNzE0NzAyNmUxYzEyNDBiZDk4ZmU4N2NjNGVmMDRkY2FiNTFhMzFjMzA5MTRmZCJ9fX0=\"}]}}}"
      },
      "title": [{"text":"Journal","color":"white","bold":true},{"text":": ","color":"gray","bold":false},{"text":"Skelrath the Beast Warden","bold":true,"color":"dark_red"}],
      "description": [{"text":"Journal entry for the Skelrath the Beast Warden. You can learn more in the ender chest.","color":"gray"}],
      "show_toast": true,
      "announce_to_chat": false,
      "hidden": true
    },
    "parent": "journal:scary_swarm",
    "criteria": {
      "requirement": {
        "trigger": "minecraft:impossible"
      }
    }
}
