{
    "display": {
      "icon": {
        "item": "minecraft:player_head",
        "nbt":"{SkullOwner:{Id:[I;-38755755,120930786,-1237586486,-1917676770],Properties:{textures:[{Value:\"eyJ0ZXh0dXJlcyI6eyJTS0lOIjp7InVybCI6Imh0dHA6Ly90ZXh0dXJlcy5taW5lY3JhZnQubmV0L3RleHR1cmUvMjk1MDJhYjMzYmIyYzhkNmE5MGZmZjg1MDFiY2I5NTg1ZDFjMmVmZTQ0NWExMWUzODA3YjE4NjE4YjBjZGQyYiJ9fX0=\"}]}}}"
      },
      "title": [{"text":"Journal","color":"white","bold":true},{"text":": ","color":"gray","bold":false},{"text":"Witch","bold":false,"color":"dark_green"}],
      "description": [{"text":"Journal entry for the Witch. You can learn more in the ender chest.","color":"gray"}],
      "show_toast": true,
      "announce_to_chat": false,
      "hidden": true
    },
    "parent": "journal:skeleton",
    "criteria": {
      "requirement": {
        "trigger": "minecraft:impossible"
      }
    }
}

