{
    "pools": [
      {
        "rolls": {
          "min": 3,
          "max": 5
        },
        "entries": [
          {
            "type": "minecraft:item",
            "name": "minecraft:gold_nugget",
            "weight": 10,
            "functions": [
              {
                "function": "minecraft:set_count",
                "count": {
                  "min": 1,
                  "max": 2
                }
              },
              {"function": "minecraft:set_nbt",
                "tag": "{treasure:1}"
              }
            ]
          },
          {
            "type": "minecraft:item",
            "name": "minecraft:iron_nugget",
            "weight": 15,
            "functions": [
              {
                "function": "minecraft:set_count",
                "count": {
                  "min": 1,
                  "max": 3
                }
              },
              {"function": "minecraft:set_nbt",
                "tag": "{treasure:1}"
              }
            ]
          },
          {
            "type": "minecraft:item",
            "name": "minecraft:emerald",
            "weight": 1,
            "functions": [
              {
                "function": "minecraft:set_count",
                "count": 1
              },
              {"function": "minecraft:set_nbt",
                "tag": "{treasure:1}"
              }
            ]
          }
        ]
      }
    ]
  }