{
    "display": {
        "icon": {
            "item": "minecraft:crossbow"
        },
        "title": {
            "text": "All the same...",
            "color": "dark_purple",
            "bold": true
        },
        "frame": "task",
        "show_toast": true,
        "announce_to_chat": false,
        "description": {
            "text": "Kill a shopkeeper after Rogues begin appearing.",
            "color": "#61369c",
            "bold": false
        }
    },
    "parent": "advancements:volition/enemy-ghost",
    "criteria": {
        "impossible": {
            "trigger": "minecraft:impossible"
        }
    }
}