{
    "display": {
        "icon": {
            "item": "minecraft:arrow"
        },
        "title": {
            "text": "An arrow a day...",
            "color": "dark_purple",
            "bold": true
        },
        "frame": "task",
        "show_toast": true,
        "announce_to_chat": false,
        "description": {
            "text": "...keeps the Plague Doctor away.",
            "color": "#61369c",
            "bold": false
        }
    },
    "parent": "advancements:volition/root",
    "criteria": {
        "impossible": {
            "trigger": "minecraft:impossible"
        }
    }
}