{
    "display": {
        "icon": {
            "item": "minecraft:gold_nugget"
        },
        "title": {
            "text": "Bankrupcy.",
            "color": "dark_purple",
            "bold": true
        },
        "frame": "task",
        "show_toast": true,
        "announce_to_chat": false,
        "description": {
            "text": "Lose 3000 treasure to a Bandit in a single game.",
            "color": "#61369c",
            "bold": false
        }
    },
    "parent": "advancements:volition/enemy-bomber",
    "criteria": {
        "impossible": {
            "trigger": "minecraft:impossible"
        }
    }
}