{
    "display": {
        "icon": {
            "item": "minecraft:black_concrete_powder"
        },
        "title": {
            "text": "Blind faith.",
            "color": "dark_purple",
            "bold": true
        },
        "frame": "task",
        "show_toast": true,
        "announce_to_chat": false,
        "description": {
            "text": "Kill a Banshee while it's invisible.",
            "color": "#61369c",
            "bold": false
        }
    },
    "parent": "advancements:volition/enemy-bandit",
    "criteria": {
        "impossible": {
            "trigger": "minecraft:impossible"
        }
    }
}