{
    "display": {
        "icon": {
            "item": "minecraft:brewing_stand"
        },
        "title": {
            "text": "Enhancement execution.",
            "color": "dark_purple",
            "bold": true
        },
        "frame": "task",
        "show_toast": true,
        "announce_to_chat": false,
        "description": {
            "text": "Kill a mob enhanced by the Mage.",
            "color": "#61369c",
            "bold": false
        }
    },
    "parent": "advancements:volition/enemy-shopkeeper",
    "criteria": {
        "impossible": {
            "trigger": "minecraft:impossible"
        }
    }
}