{
    "display": {
        "icon": {
            "item": "minecraft:player_head",
            "nbt":"{SkullOwner:{Id:[I;880456097,380520225,-2036981197,1646034508],Properties:{textures:[{Value:\"eyJ0ZXh0dXJlcyI6eyJTS0lOIjp7InVybCI6Imh0dHA6Ly90ZXh0dXJlcy5taW5lY3JhZnQubmV0L3RleHR1cmUvYmU0ODAzNTBlNDhkMzU4MWYzYTA2NDAyMDk5NWUwYjFlMTg2MGM3ZWZkOWQxNDg4YTYzYjc3OTNlOTY1YTZlZiJ9fX0=\"}]}}}"
        },
        "title": {
            "text": "Toxic...",
            "color": "dark_aqua",
            "bold": true
        },
        "frame": "task",
        "show_toast": true,
        "announce_to_chat": false,
        "description": {
            "text": "Survive a plagued room using a gas mask.",
            "color": "#61369c",
            "bold": false
        }
    },
    "parent": "advancements:volition/item-upgrader",
    "criteria": {
        "impossible": {
            "trigger": "minecraft:impossible"
        }
    }
}