{
    "display": {
        "icon": {
            "item": "minecraft:lime_dye"
        },
        "title": {
            "text": "Prestiged!",
            "color": "dark_aqua",
            "bold": true
        },
        "frame": "task",
        "show_toast": true,
        "announce_to_chat": false,
        "description": {
            "text": "Reach mastery level one on a booster.",
            "color": "#61369c",
            "bold": false
        }
    },
    "parent": "advancements:volition/root",
    "criteria": {
        "impossible": {
            "trigger": "minecraft:impossible"
        }
    }
}