{
    "display": {
        "icon": {
            "item": "minecraft:bundle"
        },
        "title": {
            "text": "Dumb luck.",
            "color": "dark_aqua",
            "bold": true
        },
        "frame": "task",
        "show_toast": true,
        "announce_to_chat": false,
        "description": {
            "text": "Buy a booster bundle and have it increase a mastery level.",
            "color": "#61369c",
            "bold": false
        }
    },
    "parent": "advancements:volition/item-rope",
    "criteria": {
        "impossible": {
            "trigger": "minecraft:impossible"
        }
    }
}