{
    "display": {
        "icon": {
            "item": "minecraft:lead"
        },
        "title": {
            "text": "Still useful!",
            "color": "dark_aqua",
            "bold": true
        },
        "frame": "task",
        "show_toast": true,
        "announce_to_chat": false,
        "description": {
            "text": "Be saved by a rope after wave 50.",
            "color": "#61369c",
            "bold": false
        }
    },
    "parent": "advancements:volition/item-gas",
    "criteria": {
        "impossible": {
            "trigger": "minecraft:impossible"
        }
    }
}