{
    "display": {
        "icon": {
            "item": "minecraft:red_wool"
        },
        "title": {
            "text": "Inflation.",
            "color": "gray",
            "bold": true
        },
        "frame": "task",
        "show_toast": true,
        "announce_to_chat": false,
        "description": {
            "text": "Purchase an item costing over 1500 treasure.",
            "color": "#61369c",
            "bold": false
        }
    },
    "parent": "advancements:volition/random-boss",
    "criteria": {
        "impossible": {
            "trigger": "minecraft:impossible"
        }
    }
}