{
    "display": {
        "icon": {
            "item": "minecraft:oak_planks"
        },
        "title": {
            "text": "A true arbalist...",
            "color": "gray",
            "bold": true
        },
        "frame": "task",
        "show_toast": true,
        "announce_to_chat": false,
        "description": {
            "text": "Reach volition using your default crossbow.",
            "color": "#61369c",
            "bold": false
        }
    },
    "parent": "advancements:volition/root",
    "criteria": {
        "impossible": {
            "trigger": "minecraft:impossible"
        }
    }
}