{
  "display": {
    "icon": {
      "item": "minecraft:player_head",
      "nbt": "{CustomModelData:0,SkullOwner:{Id:[I;1348588827,711999720,-2022459919,-1858757912],Properties:{textures:[{Value:\"eyJ0ZXh0dXJlcyI6eyJTS0lOIjp7InVybCI6Imh0dHA6Ly90ZXh0dXJlcy5taW5lY3JhZnQubmV0L3RleHR1cmUvMTQ2MDFlNjY0ZTJhZjA3NmI1NDU1MzViN2E2ODljYzc5YjEwODI2YWE2NTc1M2ZiYzZmNjU0MmJjOTRjZjcxIn19fQ==\"}]}}}"
    },
    "title": [
      {
        "color": "#61369c",
        "bold": true,
        "text": "Volition"
      },
      {
        "color": "white",
        "bold": true,
        "text": " of the"
      },
      {
        "color": "gold",
        "bold": true,
        "text": " Arbalist"
      }
    ],
    "description": {
      "text": "By the ",
      "color": "white",
      "underlined": false,
      "extra": [
        {
          "text": "Command",
          "color": "aqua",
          "bold": true,
          "extra": [
            {
              "text": " Realm",
              "color": "dark_aqua",
              "extra": [
                {
                  "text": " Team",
                  "bold": false,
                  "color": "white"
                }
              ]
            }
          ]
        }
      ]
    },
    "background": "minecraft:textures/block/deepslate_bricks.png",
    "frame": "challenge",
    "show_toast": true,
    "announce_to_chat": false,
    "hidden": false
  },
  "criteria": {
    "requirement": {
      "trigger": "minecraft:impossible"
    }
  }
}