{
    "display": {
        "icon": {
            "item": "minecraft:deepslate_diamond_ore"
        },
        "title": {
            "text": "Volition VIII",
            "color": "light_purple",
            "bold": true
        },
        "frame": "task",
        "show_toast": true,
        "announce_to_chat": false,
        "description": {
            "text": "Reach wave 90.",
            "color": "#61369c",
            "bold": false
        }
    },
    "parent": "advancements:volition/wave-80",
    "criteria": {
        "impossible": {
            "trigger": "minecraft:impossible"
        }
    }
}