{
  "pools": [
    {
      "rolls": 1,
      "entries": [
        {
          "type": "minecraft:item",
          "name": "minecraft:player_head",
          "functions": [
            {
              "function":"minecraft:set_nbt",
              "entity":"this",
              "tag":"{clickable:1,invalid_click:1,SkullOwner:{Id:[I;1603623030,-219263867,-1235579446,-2070807879],Properties:{textures:[{Value:\"eyJ0ZXh0dXJlcyI6eyJTS0lOIjp7InVybCI6Imh0dHA6Ly90ZXh0dXJlcy5taW5lY3JhZnQubmV0L3RleHR1cmUvOTNhNDdiMTMxZGJjYmMzMGYzY2JlOTY0NzdmYTVlMzcyMjY4MmZhYjk5NWNkMmQyMmY3NWIxNWU5NDgyZmQyMyJ9fX0=\"}]}}}"
            },
            {
              "function": "minecraft:set_name",
              "entity": "this",
              "name": [{"text":"Entry ","color":"white","italic":false},{"text":"39","color":"gray","bold":true},{"text":": ","color":"gray"},{"text":"Tower Archer","color":"red","bold":true}]
            },
            {
              "function": "minecraft:set_lore",
              "entity": "this",
              "lore": [{"text":"A trained archer guarding a tower.","color":"green","italic":false},{"text":"Times killed","color":"red","italic":false,"extra":[{"text":": ","color":"gray","extra":[{"score":{"objective":"j_tower_archer","name":"@s"},"bold":true,"color":"dark_red"}]}]}]
            }
          ]
        }
      ]
    }
  ]
}