{
    "type": "minecraft:entity",
    "pools": [
        {
            "rolls": 1,
            "entries": [
                {
                    "type": "minecraft:item",
                    "functions": [
                        {
                            "function": "minecraft:fill_player_head",
                            "entity": "this"
                        },
            {
              "function": "set_count",
              "count": {
                "min": 1,
                                "max": 1,
                                "type": "minecraft:uniform"
                            }
                        },
                        {
                            "function": "set_nbt",
                            "tag":"{HideFlags:63,invalid_click:1,clickable:1}"
                        },
                        {
                            "function": "set_name",
                            "entity":"this",
                            "name":[{"text":"Your ","color":"dark_green","italic":false},{"text":"highscore","color":"green"},{"text":": ","color":"gray"},{"selector":"@e[type=area_effect_cloud,tag=die_soon,limit=1]"}]
                        }

                    ],
                    "name": "minecraft:player_head"
                }
            ]

        }
    ]
}