{
  "pools": [
    {
      "rolls": 1,
      "entries": [
        {
          "type": "minecraft:item",
          "name": "minecraft:player_head",
          "functions": [
            {
              "function":"minecraft:set_nbt",
              "entity":"this",
              "tag":"{clickable:1,invalid_click:1,SkullOwner:{Id:[I;-1225749303,218581705,-1473077212,-900503062],Properties:{textures:[{Value:\"eyJ0ZXh0dXJlcyI6eyJTS0lOIjp7InVybCI6Imh0dHA6Ly90ZXh0dXJlcy5taW5lY3JhZnQubmV0L3RleHR1cmUvNTYxN2Y3ZGQ1ZWQxNmYzYmQxODY0NDA1MTdjZDQ0MGExNzAwMTViMWNjNmZjYjJlOTkzYzA1ZGUzM2YifX19}\"}]}}}"
            },
            {
              "function": "minecraft:set_name",
              "entity": "this",
              "name": [{"text":"Entry ","color":"white","italic":false},{"text":"2","color":"gray","bold":true},{"text":": ","color":"gray"},{"text":"Spider","color":"dark_green"}]
            },
            {
              "function": "minecraft:set_lore",
              "entity": "this",
              "lore": [{"text":"A cave spider without its poisonous fangs.","color":"green","italic":false},{"text":"Times killed","color":"red","italic":false,"extra":[{"text":": ","color":"gray","extra":[{"score":{"objective":"j_spider","name":"@s"},"bold":true,"color":"dark_red"}]}]}]
            }
          ]
        }
      ]
    }
  ]
}