{
  "pools": [
    {
      "rolls": 1,
      "entries": [
        {
          "type": "minecraft:item",
          "name": "minecraft:player_head",
          "functions": [
            {
              "function":"minecraft:set_nbt",
              "entity":"this",
              "tag":"{clickable:1,invalid_click:1,SkullOwner:{Id:[I;2122682184,997082587,-1970958691,1383297768],Properties:{textures:[{Value:\"eyJ0ZXh0dXJlcyI6eyJTS0lOIjp7InVybCI6Imh0dHA6Ly90ZXh0dXJlcy5taW5lY3JhZnQubmV0L3RleHR1cmUvOTlhNjQ1MGY1ZTMyZTE1ZDkyZmJkMjg0MTZkYzJiMjQwNzBhZTZmMDYyMTIxNzk4YjNiYTU0OWM5YzkwNzM3MiJ9fX0=\"}]}}}"
            },
            {
              "function": "minecraft:set_name",
              "entity": "this",
              "name": [{"text":"Entry ","color":"white","italic":false},{"text":"42","color":"gray","bold":true},{"text":": ","color":"gray"},{"text":"Torthar the Undead King","color":"dark_red","bold":true}]
            },
            {
              "function": "minecraft:set_lore",
              "entity": "this",
              "lore": [{"text":"A former king awakened from his slumber.","color":"green","italic":false},{"text":"Times killed","color":"red","italic":false,"extra":[{"text":": ","color":"gray","extra":[{"score":{"objective":"j_torthar","name":"@s"},"bold":true,"color":"dark_red"}]}]}]
            }
          ]
        }
      ]
    }
  ]
}