{
  "pools": [
    {
      "rolls": 1,
      "entries": [
        {
          "type": "minecraft:item",
          "name": "minecraft:player_head",
          "functions": [
            {
              "function":"minecraft:set_nbt",
              "entity":"this",
              "tag":"{clickable:1,invalid_click:1,SkullOwner:{Id:[I;73502451,-1145421044,-1440943755,92654936],Properties:{textures:[{Value:\"eyJ0ZXh0dXJlcyI6eyJTS0lOIjp7InVybCI6Imh0dHA6Ly90ZXh0dXJlcy5taW5lY3JhZnQubmV0L3RleHR1cmUvOWUxY2FiMzgyNDU4ZTg0M2FjNDM1NmUzZTAwZTFkMzVjMzZmNDQ5ZmExYTg0NDg4YWIyYzY1NTdiMzkyZCJ9fX0=\"}]}}}"
            },
            {
              "function": "minecraft:set_name",
              "entity": "this",
              "name": [{"text":"Entry ","color":"white","italic":false},{"text":"37","color":"gray","bold":true},{"text":": ","color":"gray"},{"text":"Vindicator Shopkeeper","color":"dark_green"}]
            },
            {
              "function": "minecraft:set_lore",
              "entity": "this",
              "lore": [{"text":"A vindicator shopkeeper; becomes provoked when hit three times.","color":"green","italic":false},{"text":"Times killed","color":"red","italic":false,"extra":[{"text":": ","color":"gray","extra":[{"score":{"objective":"j_vindicator_sho","name":"@s"},"bold":true,"color":"dark_red"}]}]}]
            }
          ]
        }
      ]
    }
  ]
}