{
    "type": "minecraft:entity",
    "pools": [
        {
            "rolls": 1,
            "entries": [
                {
                    "type": "minecraft:item",
                    "functions": [
                        {
                            "function": "minecraft:fill_player_head",
                            "entity": "this"
                        },
            {
              "function": "set_count",
              "count": {
                "min": 1,
                                "max": 1,
                                "type": "minecraft:uniform"
                            }
                        },
                        {
                            "function": "set_nbt",
                            "tag":"{display:{Name:'[{\"text\":\"Head\",\"color\":\"yellow\",\"italic\":false}]'},Enchantments:[{id:\"minecraft:feather_falling\",lvl:5}],HideFlags:255}"
                                      }

                    ],
                    "name": "minecraft:player_head"
                }
            ]

        }
    ]
}